success ; initial_sync_agreement ; final_sync_agreement ; i_amail_sync_agreement ; f_amail_sync_agreement ;initial_diac_agreement_1 ; final_diac_agreement_1 ; e_count_1 ; g_count_1 ; l_ini_sync_1 ; i_cover_1 ; l_fin_sync_1 ; f_cover_1 ; initial_diac_agreement_2 ; final_diac_agreement_2 ; e_count_2 ; g_count_2 ; l_ini_sync_2 ; i_cover_2 ; l_fin_sync_2 ; f_cover_2 ; strategy ; domain ; threshold ; abui_t ; iterations ; nb_examples ; nb_concerned ; concerned_rt ; redundancy ; exch_ratio ; nb_overlap ; nb_hyponym ; nb_synonym ; nb_homonym ; i_total ; i_self ; i_overlap ; i_hypohyper ; i_syn ; i_hom ; i_blind ; i_un ; f_total ; f_self ; f_overlap ; f_hypohyper ; f_syn ; f_hom ; f_blind ; f_un ; i_total_1 ; i_self_1 ; i_overlap_1 ; i_hypohyper_1 ; i_syn_1 ; i_hom_1 ; i_blind_1 ; i_un_1 ; f_total_1 ; f_self_1 ; f_overlap_1 ; f_hypohyper_1 ; f_syn_1 ; f_hom_1 ; f_blind_1 ; f_un_1 ; i_total_2 ; i_self_2 ; i_overlap_2 ; i_hypohyper_2 ; i_syn_2 ; i_hom_2 ; i_blind_2 ; i_un_2 ; f_total_2 ; f_self_2 ; f_overlap_2 ; f_hypohyper_2 ; f_syn_2 ; f_hom_2 ; f_blind_2 ; f_un_2 ; initial concepts ; expected concepts ; observed concepts ; ft_number ; m_sort_size ; sd_sort_size ; m_id_size ; sd_id_size ; m_gen_size ; sd_gen_size ; shared_ft ; dimensions
1 ; 0.2857142857142857 ; 0.8775510204081632 ; 0.0 ; 0.0 ; 1.0 ; 1.0 ; 13 ; 44 ; 0.20408163265306123 ; 0.9183673469387755 ; 0.875 ; 0.9183673469387755 ; 1.0 ; 1.0 ; 7 ; 69 ; 0.3673469387755102 ; 0.9285714285714286 ; 0.8548387096774194 ; 0.9183673469387755 ; EXT ; NC ; 8 ; 0.75 ; 100 ; 100 ; 98 ; 0.98 ; 0 ; 0.20408163265306123 ; 1 ; 2 ; 0 ; 0 ; 9 ; 2 ; 1 ; 2 ; 0 ; 0 ; 0 ; 4 ; 0 ; 0 ; 0 ; 0 ; 0 ; 0 ; 0 ; 0 ; 8 ; 1 ; 1 ; 2 ; 0 ; 0 ; 0 ; 4 ; 0 ; 0 ; 0 ; 0 ; 0 ; 0 ; 0 ; 0 ; 8 ; 1 ; 1 ; 2 ; 0 ; 0 ; 0 ; 4 ; 0 ; 0 ; 0 ; 0 ; 0 ; 0 ; 0 ; 0 ; 3 ; 5 ; 3 ; 12 ; 10.0 ; 2.0 ; 4.0 ; 1.5 ; 3.0 ; 1.5 ; 2 ; [[3, 4, 2, 3, 2], [2, 2, 5, 1], [3, 3, 1, 2]]
1 ; 0.22448979591836735 ; 0.5918367346938775 ; 0.0 ; 0.0 ; 1.0 ; 1.0 ; 9 ; 35 ; 0.20408163265306123 ; 0.9387755102040817 ; 0.5370370370370371 ; 0.6224489795918368 ; 1.0 ; 1.0 ; 5 ; 23 ; 0.24489795918367346 ; 0.9285714285714286 ; 0.6551724137931034 ; 0.6224489795918368 ; EXT ; NC ; 8 ; 0.75 ; 100 ; 100 ; 98 ; 0.98 ; 0 ; 0.14285714285714285 ; 1 ; 2 ; 0 ; 0 ; 8 ; 1 ; 1 ; 2 ; 0 ; 0 ; 0 ; 4 ; 0 ; 0 ; 0 ; 0 ; 0 ; 0 ; 0 ; 0 ; 8 ; 1 ; 1 ; 2 ; 0 ; 0 ; 0 ; 4 ; 0 ; 0 ; 0 ; 0 ; 0 ; 0 ; 0 ; 0 ; 7 ; 0 ; 1 ; 2 ; 0 ; 0 ; 0 ; 4 ; 0 ; 0 ; 0 ; 0 ; 0 ; 0 ; 0 ; 0 ; 3 ; 4 ; 2 ; 12 ; 10.0 ; 2.0 ; 4.0 ; 1.5 ; 3.0 ; 1.5 ; 2 ; [[4, 1], [1, 4, 3, 4, 1], [3, 3, 2, 1]]
1 ; 0.3877551020408163 ; 0.4489795918367347 ; 0.0 ; 0.0 ; 1.0 ; 1.0 ; 6 ; 20 ; 0.3877551020408163 ; 0.9285714285714286 ; 0.3877551020408163 ; 0.45918367346938777 ; 1.0 ; 1.0 ; 0 ; 35 ; 0.3877551020408163 ; 0.8571428571428571 ; 0.4727272727272727 ; 0.45918367346938777 ; EXT ; NC ; 8 ; 0.75 ; 100 ; 100 ; 98 ; 0.98 ; 0 ; 0.061224489795918366 ; 1 ; 2 ; 0 ; 0 ; 8 ; 1 ; 1 ; 2 ; 0 ; 0 ; 0 ; 4 ; 0 ; 0 ; 0 ; 0 ; 0 ; 0 ; 0 ; 0 ; 8 ; 0 ; 1 ; 1 ; 0 ; 0 ; 2 ; 4 ; 3 ; 0 ; 0 ; 0 ; 0 ; 0 ; 3 ; 0 ; 7 ; 0 ; 1 ; 2 ; 0 ; 0 ; 0 ; 4 ; 0 ; 0 ; 0 ; 0 ; 0 ; 0 ; 0 ; 0 ; 3 ; 4 ; 2 ; 12 ; 10.0 ; 2.0 ; 4.0 ; 1.5 ; 3.0 ; 1.5 ; 7 ; [[4, 3, 1, 2, 2, 4], [1, 5, 2, 5], [3, 2, 4, 4, 5]]
1 ; 0.32653061224489793 ; 0.5918367346938775 ; 0.0 ; 0.0 ; 1.0 ; 1.0 ; 2 ; 11 ; 0.32653061224489793 ; 0.9591836734693877 ; 0.6428571428571429 ; 0.6326530612244898 ; 1.0 ; 1.0 ; 7 ; 17 ; 0.32653061224489793 ; 0.9285714285714286 ; 0.5294117647058824 ; 0.6326530612244898 ; EXT ; NC ; 8 ; 0.75 ; 100 ; 100 ; 98 ; 0.98 ; 0 ; 0.09183673469387756 ; 1 ; 2 ; 0 ; 0 ; 8 ; 1 ; 2 ; 1 ; 0 ; 0 ; 0 ; 4 ; 0 ; 0 ; 0 ; 0 ; 0 ; 0 ; 0 ; 0 ; 7 ; 0 ; 1 ; 2 ; 0 ; 0 ; 0 ; 4 ; 0 ; 0 ; 0 ; 0 ; 0 ; 0 ; 0 ; 0 ; 7 ; 0 ; 1 ; 2 ; 0 ; 0 ; 0 ; 4 ; 0 ; 0 ; 0 ; 0 ; 0 ; 0 ; 0 ; 0 ; 3 ; 4 ; 2 ; 12 ; 10.0 ; 2.0 ; 4.0 ; 1.5 ; 3.0 ; 1.5 ; 2 ; [[3, 4, 4], [2, 5, 3, 4, 2, 3, 2, 4], [6]]
1 ; 0.2857142857142857 ; 0.8469387755102041 ; 0.0 ; 0.0 ; 1.0 ; 1.0 ; 2 ; 45 ; 0.2857142857142857 ; 0.9693877551020408 ; 0.8235294117647058 ; 0.9285714285714286 ; 1.0 ; 1.0 ; 2 ; 32 ; 0.2857142857142857 ; 0.9387755102040817 ; 0.8431372549019608 ; 0.9489795918367347 ; EXT ; NC ; 8 ; 0.75 ; 100 ; 100 ; 98 ; 0.98 ; 0 ; 0.04081632653061224 ; 1 ; 2 ; 0 ; 0 ; 8 ; 1 ; 1 ; 2 ; 0 ; 0 ; 0 ; 4 ; 0 ; 0 ; 0 ; 0 ; 0 ; 0 ; 0 ; 0 ; 8 ; 1 ; 1 ; 2 ; 0 ; 0 ; 0 ; 4 ; 0 ; 0 ; 0 ; 0 ; 0 ; 0 ; 0 ; 0 ; 7 ; 0 ; 1 ; 2 ; 0 ; 0 ; 0 ; 4 ; 0 ; 0 ; 0 ; 0 ; 0 ; 0 ; 0 ; 0 ; 3 ; 4 ; 3 ; 12 ; 10.0 ; 2.0 ; 4.0 ; 1.5 ; 3.0 ; 1.5 ; 4 ; [[4, 4, 3, 4], [3, 4, 3, 6], [4, 4, 1, 3, 5, 3]]
1 ; 0.35714285714285715 ; 0.8061224489795918 ; 0.0 ; 0.0 ; 1.0 ; 1.0 ; 7 ; 46 ; 0.40816326530612246 ; 0.9285714285714286 ; 0.7627118644067796 ; 0.8979591836734694 ; 1.0 ; 1.0 ; 10 ; 52 ; 0.30612244897959184 ; 0.9285714285714286 ; 0.8571428571428571 ; 0.9183673469387755 ; EXT ; NC ; 8 ; 0.75 ; 100 ; 100 ; 98 ; 0.98 ; 0 ; 0.17346938775510204 ; 1 ; 2 ; 0 ; 0 ; 9 ; 2 ; 1 ; 2 ; 0 ; 0 ; 0 ; 4 ; 0 ; 0 ; 0 ; 0 ; 0 ; 0 ; 0 ; 0 ; 8 ; 0 ; 1 ; 2 ; 0 ; 0 ; 1 ; 4 ; 2 ; 0 ; 0 ; 0 ; 0 ; 0 ; 2 ; 0 ; 7 ; 0 ; 1 ; 2 ; 0 ; 0 ; 0 ; 4 ; 0 ; 0 ; 0 ; 0 ; 0 ; 0 ; 0 ; 0 ; 3 ; 4 ; 3 ; 12 ; 10.0 ; 2.0 ; 4.0 ; 1.5 ; 3.0 ; 1.5 ; 7 ; [[5, 3, 2, 8], [3, 1, 5, 1], [3, 6, 4]]
1 ; 0.29591836734693877 ; 0.9081632653061225 ; 0.0 ; 0.0 ; 1.0 ; 1.0 ; 4 ; 34 ; 0.30612244897959184 ; 0.9795918367346939 ; 0.9183673469387755 ; 0.9795918367346939 ; 1.0 ; 1.0 ; 0 ; 29 ; 0.2857142857142857 ; 0.9897959183673469 ; 0.9056603773584906 ; 0.9897959183673469 ; EXT ; NC ; 8 ; 0.75 ; 100 ; 100 ; 98 ; 0.98 ; 0 ; 0.04081632653061224 ; 1 ; 2 ; 0 ; 0 ; 7 ; 0 ; 1 ; 2 ; 0 ; 0 ; 0 ; 4 ; 0 ; 0 ; 0 ; 0 ; 0 ; 0 ; 0 ; 0 ; 7 ; 0 ; 1 ; 2 ; 0 ; 0 ; 0 ; 4 ; 0 ; 0 ; 0 ; 0 ; 0 ; 0 ; 0 ; 0 ; 7 ; 0 ; 1 ; 2 ; 0 ; 0 ; 0 ; 4 ; 0 ; 0 ; 0 ; 0 ; 0 ; 0 ; 0 ; 0 ; 3 ; 3 ; 3 ; 12 ; 10.0 ; 2.0 ; 4.0 ; 1.5 ; 3.0 ; 1.5 ; 7 ; [[6, 1, 4, 6, 1], [6, 5, 4], [4, 3, 3]]
1 ; 0.336734693877551 ; 0.8979591836734694 ; 0.0 ; 0.0 ; 1.0 ; 1.0 ; 0 ; 15 ; 0.32653061224489793 ; 0.9387755102040817 ; 0.9433962264150944 ; 0.9795918367346939 ; 1.0 ; 1.0 ; 4 ; 29 ; 0.3469387755102041 ; 0.9897959183673469 ; 0.8571428571428571 ; 0.9795918367346939 ; EXT ; NC ; 8 ; 0.75 ; 100 ; 100 ; 98 ; 0.98 ; 0 ; 0.04081632653061224 ; 1 ; 2 ; 0 ; 0 ; 8 ; 1 ; 1 ; 2 ; 0 ; 0 ; 0 ; 4 ; 0 ; 0 ; 0 ; 0 ; 0 ; 0 ; 0 ; 0 ; 7 ; 0 ; 1 ; 2 ; 0 ; 0 ; 0 ; 4 ; 0 ; 0 ; 0 ; 0 ; 0 ; 0 ; 0 ; 0 ; 7 ; 0 ; 1 ; 2 ; 0 ; 0 ; 0 ; 4 ; 0 ; 0 ; 0 ; 0 ; 0 ; 0 ; 0 ; 0 ; 3 ; 3 ; 3 ; 12 ; 10.0 ; 2.0 ; 4.0 ; 1.5 ; 3.0 ; 1.5 ; 0 ; [[4, 1, 2], [3, 3, 2, 2], [5]]
1 ; 0.24489795918367346 ; 0.6428571428571429 ; 0.0 ; 0.0 ; 1.0 ; 1.0 ; 2 ; 34 ; 0.30612244897959184 ; 0.9285714285714286 ; 0.631578947368421 ; 0.6632653061224489 ; 1.0 ; 1.0 ; 8 ; 27 ; 0.1836734693877551 ; 0.9591836734693877 ; 0.6862745098039216 ; 0.6632653061224489 ; EXT ; NC ; 8 ; 0.75 ; 100 ; 100 ; 98 ; 0.98 ; 0 ; 0.10204081632653061 ; 1 ; 2 ; 0 ; 0 ; 7 ; 0 ; 1 ; 2 ; 0 ; 0 ; 0 ; 4 ; 0 ; 0 ; 0 ; 0 ; 0 ; 0 ; 0 ; 0 ; 7 ; 0 ; 1 ; 2 ; 0 ; 0 ; 0 ; 4 ; 0 ; 0 ; 0 ; 0 ; 0 ; 0 ; 0 ; 0 ; 7 ; 0 ; 1 ; 2 ; 0 ; 0 ; 0 ; 4 ; 0 ; 0 ; 0 ; 0 ; 0 ; 0 ; 0 ; 0 ; 3 ; 3 ; 2 ; 12 ; 10.0 ; 2.0 ; 4.0 ; 1.5 ; 3.0 ; 1.5 ; 2 ; [[3, 3, 2, 3], [1, 3, 2, 1, 3, 4, 1], [2, 4, 4, 2, 3]]
1 ; 0.30612244897959184 ; 0.5918367346938775 ; 0.0 ; 0.0 ; 1.0 ; 1.0 ; 3 ; 22 ; 0.2857142857142857 ; 0.9489795918367347 ; 0.66 ; 0.6224489795918368 ; 1.0 ; 1.0 ; 1 ; 25 ; 0.32653061224489793 ; 0.9489795918367347 ; 0.5576923076923077 ; 0.6224489795918368 ; EXT ; NC ; 8 ; 0.75 ; 100 ; 100 ; 98 ; 0.98 ; 0 ; 0.04081632653061224 ; 1 ; 2 ; 0 ; 0 ; 8 ; 1 ; 1 ; 2 ; 0 ; 0 ; 0 ; 4 ; 0 ; 0 ; 0 ; 0 ; 0 ; 0 ; 0 ; 0 ; 7 ; 0 ; 1 ; 2 ; 0 ; 0 ; 0 ; 4 ; 0 ; 0 ; 0 ; 0 ; 0 ; 0 ; 0 ; 0 ; 7 ; 0 ; 1 ; 2 ; 0 ; 0 ; 0 ; 4 ; 0 ; 0 ; 0 ; 0 ; 0 ; 0 ; 0 ; 0 ; 3 ; 3 ; 2 ; 12 ; 10.0 ; 2.0 ; 4.0 ; 1.5 ; 3.0 ; 1.5 ; 3 ; [[4, 3, 2, 1], [4, 5], [4, 1, 4]]
1 ; 0.35714285714285715 ; 0.30612244897959184 ; 0.0 ; 0.0 ; 1.0 ; 1.0 ; 3 ; 27 ; 0.3877551020408163 ; 0.9183673469387755 ; 0.36363636363636365 ; 0.30612244897959184 ; 1.0 ; 1.0 ; 6 ; 20 ; 0.32653061224489793 ; 0.9591836734693877 ; 0.2692307692307692 ; 0.30612244897959184 ; EXT ; NC ; 8 ; 0.75 ; 100 ; 100 ; 98 ; 0.98 ; 0 ; 0.09183673469387756 ; 1 ; 2 ; 0 ; 0 ; 8 ; 1 ; 1 ; 2 ; 0 ; 0 ; 0 ; 4 ; 0 ; 0 ; 0 ; 0 ; 0 ; 0 ; 0 ; 0 ; 8 ; 1 ; 0 ; 3 ; 0 ; 0 ; 0 ; 4 ; 0 ; 0 ; 0 ; 0 ; 0 ; 0 ; 0 ; 0 ; 7 ; 0 ; 1 ; 2 ; 0 ; 0 ; 0 ; 4 ; 0 ; 0 ; 0 ; 0 ; 0 ; 0 ; 0 ; 0 ; 3 ; 4 ; 1 ; 12 ; 10.0 ; 2.0 ; 4.0 ; 1.5 ; 3.0 ; 1.5 ; 3 ; [[2, 2, 3, 5], [4, 4, 2, 3], [4, 1, 1]]
1 ; 0.20408163265306123 ; 0.6632653061224489 ; 0.0 ; 0.0 ; 1.0 ; 1.0 ; 10 ; 18 ; 0.1836734693877551 ; 0.9081632653061225 ; 0.6530612244897959 ; 0.6632653061224489 ; 1.0 ; 1.0 ; 0 ; 33 ; 0.22448979591836735 ; 0.9183673469387755 ; 0.6779661016949152 ; 0.6632653061224489 ; EXT ; NC ; 8 ; 0.75 ; 100 ; 100 ; 98 ; 0.98 ; 0 ; 0.10204081632653061 ; 1 ; 2 ; 0 ; 0 ; 7 ; 0 ; 1 ; 2 ; 0 ; 0 ; 0 ; 4 ; 0 ; 0 ; 0 ; 0 ; 0 ; 0 ; 0 ; 0 ; 7 ; 0 ; 1 ; 2 ; 0 ; 0 ; 0 ; 4 ; 0 ; 0 ; 0 ; 0 ; 0 ; 0 ; 0 ; 0 ; 7 ; 0 ; 1 ; 2 ; 0 ; 0 ; 0 ; 4 ; 0 ; 0 ; 0 ; 0 ; 0 ; 0 ; 0 ; 0 ; 3 ; 4 ; 2 ; 12 ; 10.0 ; 2.0 ; 4.0 ; 1.5 ; 3.0 ; 1.5 ; 3 ; [[7, 1, 3], [3, 4, 3], [2, 3, 3, 2, 4, 4]]
1 ; 0.336734693877551 ; 0.5510204081632653 ; 0.0 ; 0.0 ; 1.0 ; 1.0 ; 3 ; 24 ; 0.2857142857142857 ; 0.9795918367346939 ; 0.6 ; 0.5714285714285714 ; 1.0 ; 1.0 ; 6 ; 20 ; 0.3877551020408163 ; 0.9795918367346939 ; 0.4807692307692308 ; 0.5714285714285714 ; EXT ; NC ; 8 ; 0.75 ; 100 ; 100 ; 98 ; 0.98 ; 0 ; 0.09183673469387756 ; 1 ; 2 ; 0 ; 0 ; 8 ; 1 ; 1 ; 2 ; 0 ; 0 ; 0 ; 4 ; 0 ; 0 ; 0 ; 0 ; 0 ; 0 ; 0 ; 0 ; 8 ; 1 ; 0 ; 3 ; 0 ; 0 ; 0 ; 4 ; 0 ; 0 ; 0 ; 0 ; 0 ; 0 ; 0 ; 0 ; 7 ; 0 ; 1 ; 2 ; 0 ; 0 ; 0 ; 4 ; 0 ; 0 ; 0 ; 0 ; 0 ; 0 ; 0 ; 0 ; 3 ; 4 ; 2 ; 12 ; 10.0 ; 2.0 ; 4.0 ; 1.5 ; 3.0 ; 1.5 ; 6 ; [[1, 5, 1, 3], [5, 3, 4, 5, 1], [2, 4, 4, 6, 4, 3, 4]]
1 ; 0.3673469387755102 ; 0.8367346938775511 ; 0.0 ; 0.0 ; 1.0 ; 1.0 ; 2 ; 58 ; 0.40816326530612246 ; 0.9591836734693877 ; 0.8545454545454545 ; 0.9387755102040817 ; 1.0 ; 1.0 ; 6 ; 49 ; 0.32653061224489793 ; 0.9183673469387755 ; 0.8235294117647058 ; 0.9183673469387755 ; EXT ; NC ; 8 ; 0.75 ; 100 ; 100 ; 98 ; 0.98 ; 0 ; 0.08163265306122448 ; 1 ; 2 ; 0 ; 0 ; 8 ; 1 ; 1 ; 2 ; 0 ; 0 ; 0 ; 4 ; 0 ; 0 ; 0 ; 0 ; 0 ; 0 ; 0 ; 0 ; 7 ; 0 ; 1 ; 2 ; 0 ; 0 ; 0 ; 4 ; 1 ; 0 ; 0 ; 0 ; 0 ; 0 ; 1 ; 0 ; 8 ; 1 ; 1 ; 2 ; 0 ; 0 ; 0 ; 4 ; 0 ; 0 ; 0 ; 0 ; 0 ; 0 ; 0 ; 0 ; 3 ; 4 ; 3 ; 12 ; 10.0 ; 2.0 ; 4.0 ; 1.5 ; 3.0 ; 1.5 ; 1 ; [[3, 4, 3, 2, 2, 4], [1, 1], [4, 1, 3, 4, 2]]
1 ; 0.3673469387755102 ; 0.7857142857142857 ; 0.0 ; 0.0 ; 1.0 ; 1.0 ; 13 ; 45 ; 0.3469387755102041 ; 0.8163265306122449 ; 0.8490566037735849 ; 0.8367346938775511 ; 1.0 ; 1.0 ; 4 ; 57 ; 0.3877551020408163 ; 0.9285714285714286 ; 0.7833333333333333 ; 0.8367346938775511 ; EXT ; NC ; 8 ; 0.75 ; 100 ; 100 ; 98 ; 0.98 ; 0 ; 0.15306122448979592 ; 1 ; 2 ; 0 ; 0 ; 8 ; 1 ; 2 ; 1 ; 0 ; 0 ; 0 ; 4 ; 0 ; 0 ; 0 ; 0 ; 0 ; 0 ; 0 ; 0 ; 8 ; 1 ; 1 ; 2 ; 0 ; 0 ; 0 ; 4 ; 14 ; 0 ; 0 ; 0 ; 2 ; 0 ; 12 ; 0 ; 8 ; 0 ; 1 ; 1 ; 0 ; 0 ; 2 ; 4 ; 7 ; 0 ; 0 ; 0 ; 0 ; 0 ; 7 ; 0 ; 3 ; 5 ; 4 ; 12 ; 10.0 ; 2.0 ; 4.0 ; 1.5 ; 3.0 ; 1.5 ; 3 ; [[1, 3, 1, 3], [1, 3, 2, 6, 1], [4, 3, 3]]
1 ; 0.25510204081632654 ; 0.9489795918367347 ; 0.0 ; 0.0 ; 1.0 ; 0.5497835497835497 ; 3 ; 51 ; 0.30612244897959184 ; 0.9489795918367347 ; 0.9365079365079365 ; 0.9795918367346939 ; 1.0 ; 1.0 ; 15 ; 31 ; 0.20408163265306123 ; 0.9795918367346939 ; 0.9807692307692307 ; 0.9795918367346939 ; EXT ; NC ; 8 ; 0.75 ; 100 ; 100 ; 98 ; 0.98 ; 0 ; 0.17346938775510204 ; 1 ; 2 ; 0 ; 0 ; 9 ; 2 ; 1 ; 2 ; 0 ; 0 ; 0 ; 4 ; 0 ; 0 ; 0 ; 0 ; 0 ; 0 ; 0 ; 0 ; 8 ; 1 ; 1 ; 2 ; 0 ; 0 ; 0 ; 4 ; 0 ; 0 ; 0 ; 0 ; 0 ; 0 ; 0 ; 0 ; 8 ; 1 ; 1 ; 2 ; 0 ; 0 ; 0 ; 4 ; 0 ; 0 ; 0 ; 0 ; 0 ; 0 ; 0 ; 0 ; 3 ; 5 ; 2 ; 12 ; 10.0 ; 2.0 ; 4.0 ; 1.5 ; 3.0 ; 1.5 ; 2 ; [[3, 3, 2, 4], [1, 3], [1, 3, 4, 4, 2]]
1 ; 0.336734693877551 ; 0.5510204081632653 ; 0.0 ; 0.0 ; 1.0 ; 1.0 ; 3 ; 22 ; 0.3469387755102041 ; 0.8775510204081632 ; 0.5882352941176471 ; 0.6020408163265306 ; 1.0 ; 1.0 ; 2 ; 14 ; 0.32653061224489793 ; 0.9795918367346939 ; 0.4807692307692308 ; 0.6020408163265306 ; EXT ; NC ; 8 ; 0.75 ; 100 ; 100 ; 98 ; 0.98 ; 0 ; 0.05102040816326531 ; 1 ; 2 ; 0 ; 0 ; 7 ; 0 ; 2 ; 1 ; 0 ; 0 ; 0 ; 4 ; 0 ; 0 ; 0 ; 0 ; 0 ; 0 ; 0 ; 0 ; 7 ; 0 ; 1 ; 2 ; 0 ; 0 ; 0 ; 4 ; 0 ; 0 ; 0 ; 0 ; 0 ; 0 ; 0 ; 0 ; 7 ; 0 ; 1 ; 2 ; 0 ; 0 ; 0 ; 4 ; 0 ; 0 ; 0 ; 0 ; 0 ; 0 ; 0 ; 0 ; 3 ; 3 ; 2 ; 12 ; 10.0 ; 2.0 ; 4.0 ; 1.5 ; 3.0 ; 1.5 ; 3 ; [[2, 3, 3, 2, 3], [1, 2, 3, 2, 3], [4, 2, 4]]
1 ; 0.32653061224489793 ; 0.9489795918367347 ; 0.0 ; 0.0 ; 1.0 ; 1.0 ; 3 ; 37 ; 0.32653061224489793 ; 0.9081632653061225 ; 0.9629629629629629 ; 0.9897959183673469 ; 1.0 ; 1.0 ; 5 ; 32 ; 0.32653061224489793 ; 0.8673469387755102 ; 0.9423076923076923 ; 0.9897959183673469 ; EXT ; NC ; 8 ; 0.75 ; 100 ; 100 ; 98 ; 0.98 ; 0 ; 0.08163265306122448 ; 1 ; 2 ; 0 ; 0 ; 8 ; 1 ; 2 ; 1 ; 0 ; 0 ; 0 ; 4 ; 0 ; 0 ; 0 ; 0 ; 0 ; 0 ; 0 ; 0 ; 8 ; 0 ; 1 ; 1 ; 0 ; 0 ; 2 ; 4 ; 7 ; 0 ; 0 ; 0 ; 0 ; 0 ; 7 ; 0 ; 4 ; 1 ; 0 ; 1 ; 0 ; 0 ; 0 ; 2 ; 2 ; 0 ; 0 ; 0 ; 0 ; 0 ; 2 ; 0 ; 3 ; 6 ; 4 ; 12 ; 10.0 ; 2.0 ; 4.0 ; 1.5 ; 3.0 ; 1.5 ; 2 ; [[5], [3, 1, 1, 3, 2, 3, 1], [2, 2]]
1 ; 0.29591836734693877 ; 0.8673469387755102 ; 0.0 ; 0.0 ; 1.0 ; 1.0 ; 8 ; 15 ; 0.24489795918367346 ; 0.8979591836734694 ; 1.0 ; 0.8979591836734694 ; 1.0 ; 0.6015625 ; 1 ; 19 ; 0.3469387755102041 ; 0.8877551020408163 ; 0.7719298245614035 ; 0.8979591836734694 ; EXT ; NC ; 8 ; 0.75 ; 100 ; 100 ; 98 ; 0.98 ; 0 ; 0.09183673469387756 ; 1 ; 2 ; 0 ; 0 ; 8 ; 1 ; 1 ; 2 ; 0 ; 0 ; 0 ; 4 ; 0 ; 0 ; 0 ; 0 ; 0 ; 0 ; 0 ; 0 ; 7 ; 0 ; 1 ; 2 ; 0 ; 0 ; 0 ; 4 ; 0 ; 0 ; 0 ; 0 ; 0 ; 0 ; 0 ; 0 ; 7 ; 0 ; 1 ; 2 ; 0 ; 0 ; 0 ; 4 ; 0 ; 0 ; 0 ; 0 ; 0 ; 0 ; 0 ; 0 ; 3 ; 3 ; 2 ; 12 ; 10.0 ; 2.0 ; 4.0 ; 1.5 ; 3.0 ; 1.5 ; 19 ; [[2, 4, 5, 2, 2, 2, 3], [4, 4, 2, 3, 4, 3], [4, 4, 3, 4, 1, 6]]
1 ; 0.29591836734693877 ; 0.6632653061224489 ; 0.0 ; 0.0 ; 1.0 ; 1.0 ; 0 ; 17 ; 0.3469387755102041 ; 0.9591836734693877 ; 0.6470588235294118 ; 0.6632653061224489 ; 1.0 ; 1.0 ; 2 ; 12 ; 0.24489795918367346 ; 1.0 ; 0.673469387755102 ; 0.6632653061224489 ; EXT ; NC ; 8 ; 0.75 ; 100 ; 100 ; 98 ; 0.98 ; 0 ; 0.02040816326530612 ; 1 ; 2 ; 0 ; 0 ; 7 ; 0 ; 1 ; 2 ; 0 ; 0 ; 0 ; 4 ; 0 ; 0 ; 0 ; 0 ; 0 ; 0 ; 0 ; 0 ; 7 ; 0 ; 1 ; 2 ; 0 ; 0 ; 0 ; 4 ; 0 ; 0 ; 0 ; 0 ; 0 ; 0 ; 0 ; 0 ; 7 ; 0 ; 1 ; 2 ; 0 ; 0 ; 0 ; 4 ; 0 ; 0 ; 0 ; 0 ; 0 ; 0 ; 0 ; 0 ; 3 ; 3 ; 2 ; 12 ; 10.0 ; 2.0 ; 4.0 ; 1.5 ; 3.0 ; 1.5 ; 0 ; [[3, 3, 2, 4, 5], [5, 3], [4, 2, 4]]
1 ; 0.24489795918367346 ; 0.6122448979591837 ; 0.0 ; 0.0 ; 1.0 ; 1.0 ; 13 ; 38 ; 0.22448979591836735 ; 0.9489795918367347 ; 0.6271186440677966 ; 0.6326530612244898 ; 1.0 ; 0.9734848484848485 ; 10 ; 51 ; 0.2653061224489796 ; 0.9183673469387755 ; 0.5967741935483871 ; 0.6326530612244898 ; EXT ; NC ; 8 ; 0.75 ; 100 ; 100 ; 98 ; 0.98 ; 0 ; 0.23469387755102042 ; 1 ; 2 ; 0 ; 0 ; 9 ; 2 ; 2 ; 1 ; 0 ; 0 ; 0 ; 4 ; 0 ; 0 ; 0 ; 0 ; 0 ; 0 ; 0 ; 0 ; 8 ; 1 ; 1 ; 2 ; 0 ; 0 ; 0 ; 4 ; 0 ; 0 ; 0 ; 0 ; 0 ; 0 ; 0 ; 0 ; 8 ; 1 ; 1 ; 2 ; 0 ; 0 ; 0 ; 4 ; 0 ; 0 ; 0 ; 0 ; 0 ; 0 ; 0 ; 0 ; 3 ; 5 ; 2 ; 12 ; 10.0 ; 2.0 ; 4.0 ; 1.5 ; 3.0 ; 1.5 ; 4 ; [[2, 1, 2, 2], [2, 3, 1], [1, 3, 4, 5, 3]]
1 ; 0.24489795918367346 ; 0.8469387755102041 ; 0.0 ; 0.0 ; 1.0 ; 1.0 ; 2 ; 53 ; 0.2653061224489796 ; 0.9183673469387755 ; 0.9344262295081968 ; 0.9183673469387755 ; 1.0 ; 0.9564393939393939 ; 13 ; 33 ; 0.22448979591836735 ; 0.9387755102040817 ; 0.7254901960784313 ; 0.9183673469387755 ; EXT ; NC ; 8 ; 0.75 ; 100 ; 100 ; 98 ; 0.98 ; 0 ; 0.14285714285714285 ; 1 ; 2 ; 0 ; 0 ; 7 ; 0 ; 1 ; 2 ; 0 ; 0 ; 0 ; 4 ; 0 ; 0 ; 0 ; 0 ; 0 ; 0 ; 0 ; 0 ; 7 ; 0 ; 1 ; 2 ; 0 ; 0 ; 0 ; 4 ; 0 ; 0 ; 0 ; 0 ; 0 ; 0 ; 0 ; 0 ; 7 ; 0 ; 1 ; 2 ; 0 ; 0 ; 0 ; 4 ; 0 ; 0 ; 0 ; 0 ; 0 ; 0 ; 0 ; 0 ; 3 ; 3 ; 3 ; 12 ; 10.0 ; 2.0 ; 4.0 ; 1.5 ; 3.0 ; 1.5 ; 3 ; [[1, 3, 2, 3, 2, 3, 3], [5, 3, 3, 3], [3, 1, 2, 3]]
1 ; 0.2755102040816326 ; 0.7551020408163265 ; 0.0 ; 0.0 ; 1.0 ; 1.0 ; 4 ; 62 ; 0.24489795918367346 ; 0.9183673469387755 ; 0.7586206896551724 ; 0.8367346938775511 ; 1.0 ; 1.0 ; 9 ; 49 ; 0.30612244897959184 ; 0.9081632653061225 ; 0.7358490566037735 ; 0.8367346938775511 ; EXT ; NC ; 8 ; 0.75 ; 100 ; 100 ; 98 ; 0.98 ; 0 ; 0.1326530612244898 ; 1 ; 2 ; 0 ; 0 ; 8 ; 1 ; 1 ; 2 ; 0 ; 0 ; 0 ; 4 ; 0 ; 0 ; 0 ; 0 ; 0 ; 0 ; 0 ; 0 ; 7 ; 0 ; 1 ; 2 ; 0 ; 0 ; 0 ; 4 ; 0 ; 0 ; 0 ; 0 ; 0 ; 0 ; 0 ; 0 ; 8 ; 1 ; 1 ; 2 ; 0 ; 0 ; 0 ; 4 ; 0 ; 0 ; 0 ; 0 ; 0 ; 0 ; 0 ; 0 ; 3 ; 4 ; 3 ; 12 ; 10.0 ; 2.0 ; 4.0 ; 1.5 ; 3.0 ; 1.5 ; 2 ; [[2, 2, 4, 4], [3, 3, 2, 1, 4, 3, 5], [1, 2]]
1 ; 0.32653061224489793 ; 0.5 ; 0.0 ; 0.0 ; 1.0 ; 1.0 ; 7 ; 35 ; 0.3673469387755102 ; 0.8571428571428571 ; 0.5272727272727272 ; 0.5408163265306123 ; 1.0 ; 1.0 ; 6 ; 24 ; 0.2857142857142857 ; 0.9387755102040817 ; 0.5178571428571429 ; 0.5408163265306123 ; EXT ; NC ; 8 ; 0.75 ; 100 ; 100 ; 98 ; 0.98 ; 0 ; 0.1326530612244898 ; 1 ; 2 ; 0 ; 0 ; 8 ; 1 ; 2 ; 1 ; 0 ; 0 ; 0 ; 4 ; 0 ; 0 ; 0 ; 0 ; 0 ; 0 ; 0 ; 0 ; 8 ; 1 ; 0 ; 3 ; 0 ; 0 ; 0 ; 4 ; 0 ; 0 ; 0 ; 0 ; 0 ; 0 ; 0 ; 0 ; 7 ; 0 ; 1 ; 2 ; 0 ; 0 ; 0 ; 4 ; 0 ; 0 ; 0 ; 0 ; 0 ; 0 ; 0 ; 0 ; 3 ; 5 ; 2 ; 12 ; 10.0 ; 2.0 ; 4.0 ; 1.5 ; 3.0 ; 1.5 ; 3 ; [[1, 4, 4], [2, 1, 5, 5, 3], [2, 1, 3, 3, 5]]
1 ; 0.3163265306122449 ; 0.8367346938775511 ; 0.0 ; 0.0 ; 1.0 ; 1.0 ; 4 ; 22 ; 0.30612244897959184 ; 1.0 ; 0.8235294117647058 ; 0.9897959183673469 ; 1.0 ; 1.0 ; 2 ; 28 ; 0.32653061224489793 ; 0.9489795918367347 ; 0.8113207547169812 ; 0.9387755102040817 ; EXT ; NC ; 8 ; 0.75 ; 100 ; 100 ; 98 ; 0.98 ; 0 ; 0.061224489795918366 ; 1 ; 2 ; 0 ; 0 ; 7 ; 0 ; 1 ; 2 ; 0 ; 0 ; 0 ; 4 ; 0 ; 0 ; 0 ; 0 ; 0 ; 0 ; 0 ; 0 ; 7 ; 0 ; 1 ; 2 ; 0 ; 0 ; 0 ; 4 ; 0 ; 0 ; 0 ; 0 ; 0 ; 0 ; 0 ; 0 ; 7 ; 0 ; 1 ; 2 ; 0 ; 0 ; 0 ; 4 ; 0 ; 0 ; 0 ; 0 ; 0 ; 0 ; 0 ; 0 ; 3 ; 3 ; 3 ; 12 ; 10.0 ; 2.0 ; 4.0 ; 1.5 ; 3.0 ; 1.5 ; 8 ; [[4, 4, 3], [5, 3, 6, 3, 5, 6, 5], [5]]
1 ; 0.32653061224489793 ; 0.826530612244898 ; 0.0 ; 0.0 ; 1.0 ; 1.0 ; 8 ; 69 ; 0.3469387755102041 ; 0.9081632653061225 ; 0.8548387096774194 ; 0.8877551020408163 ; 1.0 ; 1.0 ; 14 ; 63 ; 0.30612244897959184 ; 0.9387755102040817 ; 0.7894736842105263 ; 0.8877551020408163 ; EXT ; NC ; 8 ; 0.75 ; 100 ; 100 ; 98 ; 0.98 ; 0 ; 0.21428571428571427 ; 1 ; 2 ; 0 ; 0 ; 9 ; 2 ; 2 ; 1 ; 0 ; 0 ; 0 ; 4 ; 0 ; 0 ; 0 ; 0 ; 0 ; 0 ; 0 ; 0 ; 8 ; 1 ; 1 ; 2 ; 0 ; 0 ; 0 ; 4 ; 0 ; 0 ; 0 ; 0 ; 0 ; 0 ; 0 ; 0 ; 8 ; 1 ; 0 ; 3 ; 0 ; 0 ; 0 ; 4 ; 0 ; 0 ; 0 ; 0 ; 0 ; 0 ; 0 ; 0 ; 3 ; 5 ; 3 ; 12 ; 10.0 ; 2.0 ; 4.0 ; 1.5 ; 3.0 ; 1.5 ; 2 ; [[3, 4, 2, 3, 2], [2, 2, 5, 1], [3, 3, 1, 2]]
1 ; 0.3979591836734694 ; 0.8163265306122449 ; 0.0 ; 0.0 ; 1.0 ; 1.0 ; 11 ; 55 ; 0.4489795918367347 ; 0.9489795918367347 ; 0.8035714285714286 ; 0.8571428571428571 ; 1.0 ; 0.953125 ; 7 ; 52 ; 0.3469387755102041 ; 0.9285714285714286 ; 0.7666666666666667 ; 0.8571428571428571 ; EXT ; NC ; 8 ; 0.75 ; 100 ; 100 ; 98 ; 0.98 ; 0 ; 0.1836734693877551 ; 1 ; 2 ; 0 ; 0 ; 9 ; 1 ; 3 ; 1 ; 0 ; 0 ; 0 ; 4 ; 0 ; 0 ; 0 ; 0 ; 0 ; 0 ; 0 ; 0 ; 7 ; 0 ; 1 ; 2 ; 0 ; 0 ; 0 ; 4 ; 0 ; 0 ; 0 ; 0 ; 0 ; 0 ; 0 ; 0 ; 8 ; 1 ; 1 ; 2 ; 0 ; 0 ; 0 ; 4 ; 0 ; 0 ; 0 ; 0 ; 0 ; 0 ; 0 ; 0 ; 3 ; 4 ; 3 ; 12 ; 10.0 ; 2.0 ; 4.0 ; 1.5 ; 3.0 ; 1.5 ; 2 ; [[4, 1], [1, 4, 3, 4, 1], [3, 3, 2, 1]]
1 ; 0.2857142857142857 ; 0.2755102040816326 ; 0.0 ; 0.0 ; 1.0 ; 1.0 ; 7 ; 32 ; 0.32653061224489793 ; 0.9387755102040817 ; 0.22413793103448276 ; 0.2755102040816326 ; 1.0 ; 1.0 ; 9 ; 32 ; 0.24489795918367346 ; 0.8979591836734694 ; 0.32142857142857145 ; 0.2755102040816326 ; EXT ; NC ; 8 ; 0.75 ; 100 ; 100 ; 98 ; 0.98 ; 0 ; 0.16326530612244897 ; 1 ; 2 ; 0 ; 0 ; 9 ; 2 ; 2 ; 1 ; 0 ; 0 ; 0 ; 4 ; 0 ; 0 ; 0 ; 0 ; 0 ; 0 ; 0 ; 0 ; 7 ; 0 ; 2 ; 1 ; 0 ; 0 ; 0 ; 4 ; 0 ; 0 ; 0 ; 0 ; 0 ; 0 ; 0 ; 0 ; 8 ; 1 ; 1 ; 2 ; 0 ; 0 ; 0 ; 4 ; 0 ; 0 ; 0 ; 0 ; 0 ; 0 ; 0 ; 0 ; 3 ; 4 ; 1 ; 12 ; 10.0 ; 2.0 ; 4.0 ; 1.5 ; 3.0 ; 1.5 ; 7 ; [[4, 3, 1, 2, 2, 4], [1, 5, 2, 5], [3, 2, 4, 4, 5]]
1 ; 0.32653061224489793 ; 0.9081632653061225 ; 0.0 ; 0.0 ; 1.0 ; 1.0 ; 0 ; 15 ; 0.32653061224489793 ; 0.9591836734693877 ; 0.9795918367346939 ; 0.9591836734693877 ; 1.0 ; 1.0 ; 0 ; 13 ; 0.32653061224489793 ; 0.9795918367346939 ; 0.8367346938775511 ; 0.9591836734693877 ; EXT ; NC ; 8 ; 0.75 ; 100 ; 100 ; 98 ; 0.98 ; 0 ; 0.0 ; 1 ; 2 ; 0 ; 0 ; 8 ; 1 ; 1 ; 2 ; 0 ; 0 ; 0 ; 4 ; 0 ; 0 ; 0 ; 0 ; 0 ; 0 ; 0 ; 0 ; 8 ; 1 ; 1 ; 2 ; 0 ; 0 ; 0 ; 4 ; 0 ; 0 ; 0 ; 0 ; 0 ; 0 ; 0 ; 0 ; 7 ; 0 ; 1 ; 2 ; 0 ; 0 ; 0 ; 4 ; 0 ; 0 ; 0 ; 0 ; 0 ; 0 ; 0 ; 0 ; 3 ; 4 ; 3 ; 12 ; 10.0 ; 2.0 ; 4.0 ; 1.5 ; 3.0 ; 1.5 ; 2 ; [[3, 4, 4], [2, 5, 3, 4, 2, 3, 2, 4], [6]]
1 ; 0.32653061224489793 ; 0.8571428571428571 ; 0.0 ; 0.0 ; 1.0 ; 1.0 ; 2 ; 44 ; 0.32653061224489793 ; 0.9591836734693877 ; 0.8032786885245902 ; 0.9285714285714286 ; 1.0 ; 1.0 ; 12 ; 42 ; 0.32653061224489793 ; 0.9489795918367347 ; 0.9411764705882353 ; 0.9285714285714286 ; EXT ; NC ; 8 ; 0.75 ; 100 ; 100 ; 98 ; 0.98 ; 0 ; 0.14285714285714285 ; 1 ; 2 ; 0 ; 0 ; 8 ; 1 ; 1 ; 2 ; 0 ; 0 ; 0 ; 4 ; 0 ; 0 ; 0 ; 0 ; 0 ; 0 ; 0 ; 0 ; 7 ; 0 ; 1 ; 2 ; 0 ; 0 ; 0 ; 4 ; 0 ; 0 ; 0 ; 0 ; 0 ; 0 ; 0 ; 0 ; 7 ; 0 ; 1 ; 2 ; 0 ; 0 ; 0 ; 4 ; 0 ; 0 ; 0 ; 0 ; 0 ; 0 ; 0 ; 0 ; 3 ; 4 ; 3 ; 12 ; 10.0 ; 2.0 ; 4.0 ; 1.5 ; 3.0 ; 1.5 ; 4 ; [[4, 4, 3, 4], [3, 4, 3, 6], [4, 4, 1, 3, 5, 3]]
1 ; 0.3163265306122449 ; 0.5408163265306123 ; 0.0 ; 0.0 ; 1.0 ; 1.0 ; 4 ; 28 ; 0.32653061224489793 ; 0.9693877551020408 ; 0.5573770491803278 ; 0.5816326530612245 ; 1.0 ; 1.0 ; 13 ; 26 ; 0.30612244897959184 ; 0.9285714285714286 ; 0.5471698113207547 ; 0.5816326530612245 ; EXT ; NC ; 8 ; 0.75 ; 100 ; 100 ; 98 ; 0.98 ; 0 ; 0.16326530612244897 ; 1 ; 2 ; 0 ; 0 ; 8 ; 1 ; 2 ; 1 ; 0 ; 0 ; 0 ; 4 ; 0 ; 0 ; 0 ; 0 ; 0 ; 0 ; 0 ; 0 ; 7 ; 0 ; 1 ; 2 ; 0 ; 0 ; 0 ; 4 ; 0 ; 0 ; 0 ; 0 ; 0 ; 0 ; 0 ; 0 ; 8 ; 1 ; 1 ; 2 ; 0 ; 0 ; 0 ; 4 ; 0 ; 0 ; 0 ; 0 ; 0 ; 0 ; 0 ; 0 ; 3 ; 4 ; 2 ; 12 ; 10.0 ; 2.0 ; 4.0 ; 1.5 ; 3.0 ; 1.5 ; 7 ; [[5, 3, 2, 8], [3, 1, 5, 1], [3, 6, 4]]
1 ; 0.3163265306122449 ; 0.5918367346938775 ; 0.0 ; 0.0 ; 1.0 ; 1.0 ; 3 ; 33 ; 0.30612244897959184 ; 0.9387755102040817 ; 0.6226415094339622 ; 0.6224489795918368 ; 1.0 ; 1.0 ; 4 ; 30 ; 0.32653061224489793 ; 0.9897959183673469 ; 0.5576923076923077 ; 0.6224489795918368 ; EXT ; NC ; 8 ; 0.75 ; 100 ; 100 ; 98 ; 0.98 ; 0 ; 0.07142857142857142 ; 1 ; 2 ; 0 ; 0 ; 8 ; 1 ; 1 ; 2 ; 0 ; 0 ; 0 ; 4 ; 0 ; 0 ; 0 ; 0 ; 0 ; 0 ; 0 ; 0 ; 8 ; 1 ; 1 ; 2 ; 0 ; 0 ; 0 ; 4 ; 0 ; 0 ; 0 ; 0 ; 0 ; 0 ; 0 ; 0 ; 7 ; 0 ; 1 ; 2 ; 0 ; 0 ; 0 ; 4 ; 0 ; 0 ; 0 ; 0 ; 0 ; 0 ; 0 ; 0 ; 3 ; 3 ; 2 ; 12 ; 10.0 ; 2.0 ; 4.0 ; 1.5 ; 3.0 ; 1.5 ; 7 ; [[6, 1, 4, 6, 1], [6, 5, 4], [4, 3, 3]]
1 ; 0.3163265306122449 ; 0.8979591836734694 ; 0.0 ; 0.0 ; 1.0 ; 1.0 ; 4 ; 26 ; 0.32653061224489793 ; 0.9591836734693877 ; 0.9074074074074074 ; 0.9489795918367347 ; 1.0 ; 1.0 ; 5 ; 28 ; 0.30612244897959184 ; 0.9693877551020408 ; 0.8301886792452831 ; 0.9591836734693877 ; EXT ; NC ; 8 ; 0.75 ; 100 ; 100 ; 98 ; 0.98 ; 0 ; 0.09183673469387756 ; 1 ; 2 ; 0 ; 0 ; 8 ; 1 ; 1 ; 2 ; 0 ; 0 ; 0 ; 4 ; 0 ; 0 ; 0 ; 0 ; 0 ; 0 ; 0 ; 0 ; 7 ; 0 ; 1 ; 2 ; 0 ; 0 ; 0 ; 4 ; 0 ; 0 ; 0 ; 0 ; 0 ; 0 ; 0 ; 0 ; 8 ; 1 ; 1 ; 2 ; 0 ; 0 ; 0 ; 4 ; 0 ; 0 ; 0 ; 0 ; 0 ; 0 ; 0 ; 0 ; 3 ; 3 ; 3 ; 12 ; 10.0 ; 2.0 ; 4.0 ; 1.5 ; 3.0 ; 1.5 ; 0 ; [[4, 1, 2], [3, 3, 2, 2], [5]]
1 ; 0.20408163265306123 ; 0.8775510204081632 ; 0.0 ; 0.0 ; 1.0 ; 1.0 ; 5 ; 106 ; 0.2653061224489796 ; 0.8469387755102041 ; 0.9516129032258065 ; 0.9081632653061225 ; 1.0 ; 1.0 ; 15 ; 37 ; 0.14285714285714285 ; 0.9183673469387755 ; 0.8148148148148148 ; 0.9081632653061225 ; EXT ; NC ; 8 ; 0.75 ; 100 ; 100 ; 98 ; 0.98 ; 0 ; 0.1836734693877551 ; 1 ; 2 ; 0 ; 0 ; 8 ; 1 ; 1 ; 2 ; 0 ; 0 ; 0 ; 4 ; 0 ; 0 ; 0 ; 0 ; 0 ; 0 ; 0 ; 0 ; 7 ; 0 ; 1 ; 2 ; 0 ; 0 ; 0 ; 4 ; 0 ; 0 ; 0 ; 0 ; 0 ; 0 ; 0 ; 0 ; 8 ; 1 ; 1 ; 2 ; 0 ; 0 ; 0 ; 4 ; 0 ; 0 ; 0 ; 0 ; 0 ; 0 ; 0 ; 0 ; 3 ; 4 ; 3 ; 12 ; 10.0 ; 2.0 ; 4.0 ; 1.5 ; 3.0 ; 1.5 ; 2 ; [[3, 3, 2, 3], [1, 3, 2, 1, 3, 4, 1], [2, 4, 4, 2, 3]]
1 ; 0.29591836734693877 ; 0.9183673469387755 ; 0.0 ; 0.0 ; 1.0 ; 1.0 ; 0 ; 27 ; 0.30612244897959184 ; 0.9693877551020408 ; 0.9423076923076923 ; 0.9693877551020408 ; 1.0 ; 1.0 ; 3 ; 26 ; 0.2857142857142857 ; 0.9489795918367347 ; 0.8979591836734694 ; 0.9693877551020408 ; EXT ; NC ; 8 ; 0.75 ; 100 ; 100 ; 98 ; 0.98 ; 0 ; 0.030612244897959183 ; 1 ; 2 ; 0 ; 0 ; 9 ; 2 ; 1 ; 2 ; 0 ; 0 ; 0 ; 4 ; 0 ; 0 ; 0 ; 0 ; 0 ; 0 ; 0 ; 0 ; 8 ; 1 ; 1 ; 2 ; 0 ; 0 ; 0 ; 4 ; 0 ; 0 ; 0 ; 0 ; 0 ; 0 ; 0 ; 0 ; 8 ; 1 ; 1 ; 2 ; 0 ; 0 ; 0 ; 4 ; 0 ; 0 ; 0 ; 0 ; 0 ; 0 ; 0 ; 0 ; 3 ; 4 ; 3 ; 12 ; 10.0 ; 2.0 ; 4.0 ; 1.5 ; 3.0 ; 1.5 ; 3 ; [[4, 3, 2, 1], [4, 5], [4, 1, 4]]
1 ; 0.3163265306122449 ; 0.8061224489795918 ; 0.0 ; 0.0 ; 1.0 ; 1.0 ; 7 ; 41 ; 0.2857142857142857 ; 0.9693877551020408 ; 0.8431372549019608 ; 0.9285714285714286 ; 1.0 ; 1.0 ; 2 ; 45 ; 0.3469387755102041 ; 0.9591836734693877 ; 0.7454545454545455 ; 0.9591836734693877 ; EXT ; NC ; 8 ; 0.75 ; 100 ; 100 ; 98 ; 0.98 ; 0 ; 0.08163265306122448 ; 1 ; 2 ; 0 ; 0 ; 8 ; 1 ; 1 ; 2 ; 0 ; 0 ; 0 ; 4 ; 0 ; 0 ; 0 ; 0 ; 0 ; 0 ; 0 ; 0 ; 8 ; 1 ; 1 ; 2 ; 0 ; 0 ; 0 ; 4 ; 0 ; 0 ; 0 ; 0 ; 0 ; 0 ; 0 ; 0 ; 7 ; 0 ; 1 ; 2 ; 0 ; 0 ; 0 ; 4 ; 0 ; 0 ; 0 ; 0 ; 0 ; 0 ; 0 ; 0 ; 3 ; 4 ; 3 ; 12 ; 10.0 ; 2.0 ; 4.0 ; 1.5 ; 3.0 ; 1.5 ; 3 ; [[2, 2, 3, 5], [4, 4, 2, 3], [4, 1, 1]]
1 ; 0.2653061224489796 ; 0.8979591836734694 ; 0.0 ; 0.0 ; 1.0 ; 1.0 ; 6 ; 46 ; 0.22448979591836735 ; 0.9591836734693877 ; 0.9444444444444444 ; 0.9489795918367347 ; 1.0 ; 1.0 ; 5 ; 39 ; 0.30612244897959184 ; 0.9489795918367347 ; 0.8545454545454545 ; 0.9489795918367347 ; EXT ; NC ; 8 ; 0.75 ; 100 ; 100 ; 98 ; 0.98 ; 0 ; 0.11224489795918367 ; 1 ; 2 ; 0 ; 0 ; 8 ; 1 ; 1 ; 2 ; 0 ; 0 ; 0 ; 4 ; 0 ; 0 ; 0 ; 0 ; 0 ; 0 ; 0 ; 0 ; 7 ; 0 ; 1 ; 2 ; 0 ; 0 ; 0 ; 4 ; 0 ; 0 ; 0 ; 0 ; 0 ; 0 ; 0 ; 0 ; 7 ; 0 ; 1 ; 2 ; 0 ; 0 ; 0 ; 4 ; 0 ; 0 ; 0 ; 0 ; 0 ; 0 ; 0 ; 0 ; 3 ; 4 ; 3 ; 12 ; 10.0 ; 2.0 ; 4.0 ; 1.5 ; 3.0 ; 1.5 ; 3 ; [[7, 1, 3], [3, 4, 3], [2, 3, 3, 2, 4, 4]]
1 ; 0.2857142857142857 ; 0.6428571428571429 ; 0.0 ; 0.0 ; 1.0 ; 1.0 ; 8 ; 44 ; 0.20408163265306123 ; 0.9387755102040817 ; 0.6226415094339622 ; 0.6530612244897959 ; 1.0 ; 1.0 ; 4 ; 48 ; 0.3673469387755102 ; 0.9081632653061225 ; 0.6140350877192983 ; 0.6530612244897959 ; EXT ; NC ; 8 ; 0.75 ; 100 ; 100 ; 98 ; 0.98 ; 0 ; 0.12244897959183673 ; 1 ; 2 ; 0 ; 0 ; 8 ; 1 ; 1 ; 2 ; 0 ; 0 ; 0 ; 4 ; 0 ; 0 ; 0 ; 0 ; 0 ; 0 ; 0 ; 0 ; 8 ; 1 ; 1 ; 2 ; 0 ; 0 ; 0 ; 4 ; 0 ; 0 ; 0 ; 0 ; 0 ; 0 ; 0 ; 0 ; 7 ; 0 ; 1 ; 2 ; 0 ; 0 ; 0 ; 4 ; 0 ; 0 ; 0 ; 0 ; 0 ; 0 ; 0 ; 0 ; 3 ; 4 ; 2 ; 12 ; 10.0 ; 2.0 ; 4.0 ; 1.5 ; 3.0 ; 1.5 ; 6 ; [[1, 5, 1, 3], [5, 3, 4, 5, 1], [2, 4, 4, 6, 4, 3, 4]]
1 ; 0.25510204081632654 ; 0.5204081632653061 ; 0.0 ; 0.0 ; 1.0 ; 1.0 ; 0 ; 31 ; 0.2857142857142857 ; 0.9285714285714286 ; 0.5 ; 0.5306122448979592 ; 1.0 ; 1.0 ; 3 ; 25 ; 0.22448979591836735 ; 0.8979591836734694 ; 0.5714285714285714 ; 0.5306122448979592 ; EXT ; NC ; 8 ; 0.75 ; 100 ; 100 ; 98 ; 0.98 ; 0 ; 0.030612244897959183 ; 1 ; 2 ; 0 ; 0 ; 8 ; 1 ; 1 ; 2 ; 0 ; 0 ; 0 ; 4 ; 0 ; 0 ; 0 ; 0 ; 0 ; 0 ; 0 ; 0 ; 7 ; 0 ; 1 ; 2 ; 0 ; 0 ; 0 ; 4 ; 0 ; 0 ; 0 ; 0 ; 0 ; 0 ; 0 ; 0 ; 8 ; 1 ; 1 ; 2 ; 0 ; 0 ; 0 ; 4 ; 0 ; 0 ; 0 ; 0 ; 0 ; 0 ; 0 ; 0 ; 3 ; 4 ; 2 ; 12 ; 10.0 ; 2.0 ; 4.0 ; 1.5 ; 3.0 ; 1.5 ; 1 ; [[3, 4, 3, 2, 2, 4], [1, 1], [4, 1, 3, 4, 2]]
1 ; 0.32653061224489793 ; 0.8571428571428571 ; 0.0 ; 0.0 ; 1.0 ; 1.0 ; 16 ; 55 ; 0.2653061224489796 ; 0.9591836734693877 ; 0.8888888888888888 ; 0.8877551020408163 ; 1.0 ; 1.0 ; 5 ; 84 ; 0.3877551020408163 ; 0.9591836734693877 ; 0.859375 ; 0.8877551020408163 ; EXT ; NC ; 8 ; 0.75 ; 100 ; 100 ; 98 ; 0.98 ; 0 ; 0.20408163265306123 ; 1 ; 2 ; 0 ; 0 ; 9 ; 2 ; 1 ; 2 ; 0 ; 0 ; 0 ; 4 ; 0 ; 0 ; 0 ; 0 ; 0 ; 0 ; 0 ; 0 ; 8 ; 1 ; 1 ; 2 ; 0 ; 0 ; 0 ; 4 ; 0 ; 0 ; 0 ; 0 ; 0 ; 0 ; 0 ; 0 ; 7 ; 0 ; 0 ; 3 ; 0 ; 0 ; 0 ; 4 ; 0 ; 0 ; 0 ; 0 ; 0 ; 0 ; 0 ; 0 ; 3 ; 5 ; 3 ; 12 ; 10.0 ; 2.0 ; 4.0 ; 1.5 ; 3.0 ; 1.5 ; 3 ; [[1, 3, 1, 3], [1, 3, 2, 6, 1], [4, 3, 3]]
1 ; 0.2755102040816326 ; 0.6224489795918368 ; 0.0 ; 0.0 ; 1.0 ; 1.0 ; 2 ; 20 ; 0.2857142857142857 ; 0.9591836734693877 ; 0.6274509803921569 ; 0.6428571428571429 ; 1.0 ; 1.0 ; 2 ; 26 ; 0.2653061224489796 ; 0.9387755102040817 ; 0.6274509803921569 ; 0.6428571428571429 ; EXT ; NC ; 8 ; 0.75 ; 100 ; 100 ; 98 ; 0.98 ; 0 ; 0.04081632653061224 ; 1 ; 2 ; 0 ; 0 ; 8 ; 1 ; 1 ; 2 ; 0 ; 0 ; 0 ; 4 ; 0 ; 0 ; 0 ; 0 ; 0 ; 0 ; 0 ; 0 ; 7 ; 0 ; 1 ; 2 ; 0 ; 0 ; 0 ; 4 ; 0 ; 0 ; 0 ; 0 ; 0 ; 0 ; 0 ; 0 ; 8 ; 1 ; 1 ; 2 ; 0 ; 0 ; 0 ; 4 ; 0 ; 0 ; 0 ; 0 ; 0 ; 0 ; 0 ; 0 ; 3 ; 3 ; 2 ; 12 ; 10.0 ; 2.0 ; 4.0 ; 1.5 ; 3.0 ; 1.5 ; 2 ; [[3, 3, 2, 4], [1, 3], [1, 3, 4, 4, 2]]
1 ; 0.2857142857142857 ; 0.8673469387755102 ; 0.0 ; 0.0 ; 1.0 ; 1.0 ; 18 ; 38 ; 0.2653061224489796 ; 0.9591836734693877 ; 0.8333333333333334 ; 0.9387755102040817 ; 1.0 ; 1.0 ; 5 ; 53 ; 0.30612244897959184 ; 0.9387755102040817 ; 0.8709677419354839 ; 0.9387755102040817 ; EXT ; NC ; 8 ; 0.75 ; 100 ; 100 ; 98 ; 0.98 ; 0 ; 0.1836734693877551 ; 1 ; 2 ; 0 ; 0 ; 9 ; 2 ; 1 ; 2 ; 0 ; 0 ; 0 ; 4 ; 0 ; 0 ; 0 ; 0 ; 0 ; 0 ; 0 ; 0 ; 8 ; 1 ; 1 ; 2 ; 0 ; 0 ; 0 ; 4 ; 0 ; 0 ; 0 ; 0 ; 0 ; 0 ; 0 ; 0 ; 8 ; 1 ; 1 ; 2 ; 0 ; 0 ; 0 ; 4 ; 0 ; 0 ; 0 ; 0 ; 0 ; 0 ; 0 ; 0 ; 3 ; 4 ; 3 ; 12 ; 10.0 ; 2.0 ; 4.0 ; 1.5 ; 3.0 ; 1.5 ; 3 ; [[2, 3, 3, 2, 3], [1, 2, 3, 2, 3], [4, 2, 4]]
1 ; 0.32653061224489793 ; 0.8469387755102041 ; 0.0 ; 0.0 ; 1.0 ; 1.0 ; 2 ; 24 ; 0.3469387755102041 ; 0.9285714285714286 ; 0.8490566037735849 ; 0.9285714285714286 ; 1.0 ; 1.0 ; 4 ; 17 ; 0.30612244897959184 ; 0.9693877551020408 ; 0.8235294117647058 ; 0.9285714285714286 ; EXT ; NC ; 8 ; 0.75 ; 100 ; 100 ; 98 ; 0.98 ; 0 ; 0.061224489795918366 ; 1 ; 2 ; 0 ; 0 ; 7 ; 0 ; 1 ; 2 ; 0 ; 0 ; 0 ; 4 ; 0 ; 0 ; 0 ; 0 ; 0 ; 0 ; 0 ; 0 ; 7 ; 0 ; 1 ; 2 ; 0 ; 0 ; 0 ; 4 ; 0 ; 0 ; 0 ; 0 ; 0 ; 0 ; 0 ; 0 ; 7 ; 0 ; 1 ; 2 ; 0 ; 0 ; 0 ; 4 ; 0 ; 0 ; 0 ; 0 ; 0 ; 0 ; 0 ; 0 ; 3 ; 3 ; 3 ; 12 ; 10.0 ; 2.0 ; 4.0 ; 1.5 ; 3.0 ; 1.5 ; 2 ; [[5], [3, 1, 1, 3, 2, 3, 1], [2, 2]]
1 ; 0.22448979591836735 ; 0.2653061224489796 ; 0.0 ; 0.0 ; 1.0 ; 1.0 ; 5 ; 34 ; 0.2653061224489796 ; 0.9183673469387755 ; 0.26785714285714285 ; 0.2653061224489796 ; 1.0 ; 1.0 ; 8 ; 29 ; 0.1836734693877551 ; 0.9693877551020408 ; 0.2777777777777778 ; 0.2653061224489796 ; EXT ; NC ; 8 ; 0.75 ; 100 ; 100 ; 98 ; 0.98 ; 0 ; 0.12244897959183673 ; 1 ; 2 ; 0 ; 0 ; 9 ; 2 ; 1 ; 2 ; 0 ; 0 ; 0 ; 4 ; 0 ; 0 ; 0 ; 0 ; 0 ; 0 ; 0 ; 0 ; 8 ; 1 ; 1 ; 2 ; 0 ; 0 ; 0 ; 4 ; 0 ; 0 ; 0 ; 0 ; 0 ; 0 ; 0 ; 0 ; 8 ; 1 ; 1 ; 2 ; 0 ; 0 ; 0 ; 4 ; 0 ; 0 ; 0 ; 0 ; 0 ; 0 ; 0 ; 0 ; 3 ; 4 ; 1 ; 12 ; 10.0 ; 2.0 ; 4.0 ; 1.5 ; 3.0 ; 1.5 ; 19 ; [[2, 4, 5, 2, 2, 2, 3], [4, 4, 2, 3, 4, 3], [4, 4, 3, 4, 1, 6]]
1 ; 0.3673469387755102 ; 0.5816326530612245 ; 0.0 ; 0.0 ; 1.0 ; 1.0 ; 4 ; 17 ; 0.40816326530612246 ; 0.9795918367346939 ; 0.4807692307692308 ; 0.5918367346938775 ; 1.0 ; 1.0 ; 3 ; 29 ; 0.32653061224489793 ; 0.9591836734693877 ; 0.660377358490566 ; 0.5918367346938775 ; EXT ; NC ; 8 ; 0.75 ; 100 ; 100 ; 98 ; 0.98 ; 0 ; 0.07142857142857142 ; 1 ; 2 ; 0 ; 0 ; 8 ; 1 ; 1 ; 2 ; 0 ; 0 ; 0 ; 4 ; 0 ; 0 ; 0 ; 0 ; 0 ; 0 ; 0 ; 0 ; 7 ; 0 ; 1 ; 2 ; 0 ; 0 ; 0 ; 4 ; 0 ; 0 ; 0 ; 0 ; 0 ; 0 ; 0 ; 0 ; 8 ; 1 ; 0 ; 3 ; 0 ; 0 ; 0 ; 4 ; 0 ; 0 ; 0 ; 0 ; 0 ; 0 ; 0 ; 0 ; 3 ; 4 ; 2 ; 12 ; 10.0 ; 2.0 ; 4.0 ; 1.5 ; 3.0 ; 1.5 ; 0 ; [[3, 3, 2, 4, 5], [5, 3], [4, 2, 4]]
1 ; 0.25510204081632654 ; 0.4387755102040816 ; 0.0 ; 0.0 ; 1.0 ; 1.0 ; 11 ; 39 ; 0.32653061224489793 ; 0.8775510204081632 ; 0.36363636363636365 ; 0.4387755102040816 ; 1.0 ; 1.0 ; 6 ; 35 ; 0.1836734693877551 ; 0.9387755102040817 ; 0.45 ; 0.4387755102040816 ; EXT ; NC ; 8 ; 0.75 ; 100 ; 100 ; 98 ; 0.98 ; 0 ; 0.17346938775510204 ; 1 ; 2 ; 0 ; 0 ; 9 ; 2 ; 1 ; 2 ; 0 ; 0 ; 0 ; 4 ; 0 ; 0 ; 0 ; 0 ; 0 ; 0 ; 0 ; 0 ; 8 ; 1 ; 1 ; 2 ; 0 ; 0 ; 0 ; 4 ; 3 ; 0 ; 0 ; 0 ; 0 ; 0 ; 3 ; 0 ; 7 ; 0 ; 1 ; 2 ; 0 ; 0 ; 0 ; 4 ; 0 ; 0 ; 0 ; 0 ; 0 ; 0 ; 0 ; 0 ; 3 ; 5 ; 2 ; 12 ; 10.0 ; 2.0 ; 4.0 ; 1.5 ; 3.0 ; 1.5 ; 4 ; [[2, 1, 2, 2], [2, 3, 1], [1, 3, 4, 5, 3]]
1 ; 0.32653061224489793 ; 0.22448979591836735 ; 0.0 ; 0.0 ; 1.0 ; 1.0 ; 18 ; 34 ; 0.24489795918367346 ; 0.9591836734693877 ; 0.3333333333333333 ; 0.22448979591836735 ; 1.0 ; 1.0 ; 2 ; 50 ; 0.40816326530612246 ; 0.9489795918367347 ; 0.15384615384615385 ; 0.22448979591836735 ; EXT ; NC ; 8 ; 0.75 ; 100 ; 100 ; 98 ; 0.98 ; 0 ; 0.1836734693877551 ; 1 ; 2 ; 0 ; 0 ; 9 ; 2 ; 1 ; 2 ; 0 ; 0 ; 0 ; 4 ; 0 ; 0 ; 0 ; 0 ; 0 ; 0 ; 0 ; 0 ; 8 ; 1 ; 1 ; 2 ; 0 ; 0 ; 0 ; 4 ; 0 ; 0 ; 0 ; 0 ; 0 ; 0 ; 0 ; 0 ; 7 ; 0 ; 1 ; 2 ; 0 ; 0 ; 0 ; 4 ; 0 ; 0 ; 0 ; 0 ; 0 ; 0 ; 0 ; 0 ; 3 ; 4 ; 1 ; 12 ; 10.0 ; 2.0 ; 4.0 ; 1.5 ; 3.0 ; 1.5 ; 3 ; [[1, 3, 2, 3, 2, 3, 3], [5, 3, 3, 3], [3, 1, 2, 3]]
1 ; 0.23469387755102042 ; 0.6530612244897959 ; 0.0 ; 0.0 ; 1.0 ; 0.9285714285714286 ; 12 ; 41 ; 0.24489795918367346 ; 0.9591836734693877 ; 0.6491228070175439 ; 0.6530612244897959 ; 1.0 ; 1.0 ; 9 ; 39 ; 0.22448979591836735 ; 0.9183673469387755 ; 0.7213114754098361 ; 0.6530612244897959 ; EXT ; NC ; 8 ; 0.75 ; 100 ; 100 ; 98 ; 0.98 ; 0 ; 0.20408163265306123 ; 1 ; 2 ; 0 ; 0 ; 9 ; 2 ; 1 ; 2 ; 0 ; 0 ; 0 ; 4 ; 0 ; 0 ; 0 ; 0 ; 0 ; 0 ; 0 ; 0 ; 8 ; 1 ; 1 ; 2 ; 0 ; 0 ; 0 ; 4 ; 0 ; 0 ; 0 ; 0 ; 0 ; 0 ; 0 ; 0 ; 8 ; 1 ; 1 ; 2 ; 0 ; 0 ; 0 ; 4 ; 0 ; 0 ; 0 ; 0 ; 0 ; 0 ; 0 ; 0 ; 3 ; 5 ; 2 ; 12 ; 10.0 ; 2.0 ; 4.0 ; 1.5 ; 3.0 ; 1.5 ; 2 ; [[2, 2, 4, 4], [3, 3, 2, 1, 4, 3, 5], [1, 2]]
1 ; 0.24489795918367346 ; 0.5408163265306123 ; 0.0 ; 0.0 ; 1.0 ; 1.0 ; 0 ; 30 ; 0.2653061224489796 ; 0.826530612244898 ; 0.5714285714285714 ; 0.5612244897959183 ; 1.0 ; 1.0 ; 8 ; 14 ; 0.22448979591836735 ; 0.9183673469387755 ; 0.4897959183673469 ; 0.5612244897959183 ; EXT ; NC ; 8 ; 0.75 ; 100 ; 100 ; 98 ; 0.98 ; 0 ; 0.07142857142857142 ; 1 ; 2 ; 0 ; 0 ; 7 ; 0 ; 1 ; 2 ; 0 ; 0 ; 0 ; 4 ; 0 ; 0 ; 0 ; 0 ; 0 ; 0 ; 0 ; 0 ; 7 ; 0 ; 1 ; 2 ; 0 ; 0 ; 0 ; 4 ; 0 ; 0 ; 0 ; 0 ; 0 ; 0 ; 0 ; 0 ; 7 ; 0 ; 1 ; 2 ; 0 ; 0 ; 0 ; 4 ; 0 ; 0 ; 0 ; 0 ; 0 ; 0 ; 0 ; 0 ; 3 ; 4 ; 2 ; 12 ; 10.0 ; 2.0 ; 4.0 ; 1.5 ; 3.0 ; 1.5 ; 3 ; [[1, 4, 4], [2, 1, 5, 5, 3], [2, 1, 3, 3, 5]]
1 ; 0.3673469387755102 ; 0.673469387755102 ; 0.0 ; 0.0 ; 1.0 ; 0.9743589743589743 ; 2 ; 28 ; 0.3877551020408163 ; 1.0 ; 0.5483870967741935 ; 0.7142857142857143 ; 1.0 ; 1.0 ; 13 ; 21 ; 0.3469387755102041 ; 0.8877551020408163 ; 0.6862745098039216 ; 0.673469387755102 ; EXT ; NC ; 8 ; 0.75 ; 100 ; 100 ; 98 ; 0.98 ; 0 ; 0.15306122448979592 ; 1 ; 2 ; 0 ; 0 ; 8 ; 1 ; 2 ; 1 ; 0 ; 0 ; 0 ; 4 ; 0 ; 0 ; 0 ; 0 ; 0 ; 0 ; 0 ; 0 ; 7 ; 0 ; 1 ; 2 ; 0 ; 0 ; 0 ; 4 ; 0 ; 0 ; 0 ; 0 ; 0 ; 0 ; 0 ; 0 ; 8 ; 1 ; 0 ; 3 ; 0 ; 0 ; 0 ; 4 ; 0 ; 0 ; 0 ; 0 ; 0 ; 0 ; 0 ; 0 ; 3 ; 4 ; 2 ; 12 ; 10.0 ; 2.0 ; 4.0 ; 1.5 ; 3.0 ; 1.5 ; 8 ; [[4, 4, 3], [5, 3, 6, 3, 5, 6, 5], [5]]
1 ; 0.24489795918367346 ; 0.6428571428571429 ; 0.0 ; 0.0 ; 1.0 ; 1.0 ; 14 ; 40 ; 0.24489795918367346 ; 0.8979591836734694 ; 0.6346153846153846 ; 0.7142857142857143 ; 1.0 ; 0.9330357142857143 ; 3 ; 54 ; 0.24489795918367346 ; 0.8469387755102041 ; 0.6349206349206349 ; 0.7142857142857143 ; EXT ; NC ; 8 ; 0.75 ; 100 ; 100 ; 98 ; 0.98 ; 0 ; 0.17346938775510204 ; 1 ; 2 ; 0 ; 0 ; 8 ; 1 ; 2 ; 1 ; 0 ; 0 ; 0 ; 4 ; 0 ; 0 ; 0 ; 0 ; 0 ; 0 ; 0 ; 0 ; 8 ; 0 ; 1 ; 1 ; 0 ; 0 ; 2 ; 4 ; 5 ; 0 ; 0 ; 0 ; 0 ; 0 ; 5 ; 0 ; 7 ; 0 ; 1 ; 2 ; 0 ; 0 ; 0 ; 4 ; 0 ; 0 ; 0 ; 0 ; 0 ; 0 ; 0 ; 0 ; 3 ; 4 ; 3 ; 12 ; 10.0 ; 2.0 ; 4.0 ; 1.5 ; 3.0 ; 1.5 ; 2 ; [[3, 4, 2, 3, 2], [2, 2, 5, 1], [3, 3, 1, 2]]
1 ; 0.35714285714285715 ; 0.6224489795918368 ; 0.0 ; 0.0 ; 1.0 ; 1.0 ; 18 ; 45 ; 0.30612244897959184 ; 0.9591836734693877 ; 0.660377358490566 ; 0.6428571428571429 ; 1.0 ; 0.9557109557109558 ; 4 ; 60 ; 0.40816326530612246 ; 0.9795918367346939 ; 0.5606060606060606 ; 0.6428571428571429 ; EXT ; NC ; 8 ; 0.75 ; 100 ; 100 ; 98 ; 0.98 ; 0 ; 0.21428571428571427 ; 1 ; 2 ; 0 ; 0 ; 8 ; 1 ; 1 ; 2 ; 0 ; 0 ; 0 ; 4 ; 0 ; 0 ; 0 ; 0 ; 0 ; 0 ; 0 ; 0 ; 8 ; 1 ; 1 ; 2 ; 0 ; 0 ; 0 ; 4 ; 0 ; 0 ; 0 ; 0 ; 0 ; 0 ; 0 ; 0 ; 7 ; 0 ; 1 ; 2 ; 0 ; 0 ; 0 ; 4 ; 0 ; 0 ; 0 ; 0 ; 0 ; 0 ; 0 ; 0 ; 3 ; 4 ; 2 ; 12 ; 10.0 ; 2.0 ; 4.0 ; 1.5 ; 3.0 ; 1.5 ; 2 ; [[4, 1], [1, 4, 3, 4, 1], [3, 3, 2, 1]]
1 ; 0.21428571428571427 ; 0.5816326530612245 ; 0.0 ; 0.0 ; 1.0 ; 1.0 ; 6 ; 31 ; 0.22448979591836735 ; 0.8877551020408163 ; 0.5094339622641509 ; 0.5918367346938775 ; 1.0 ; 1.0 ; 4 ; 16 ; 0.20408163265306123 ; 0.9183673469387755 ; 0.6 ; 0.5918367346938775 ; EXT ; NC ; 8 ; 0.75 ; 100 ; 100 ; 98 ; 0.98 ; 0 ; 0.10204081632653061 ; 1 ; 2 ; 0 ; 0 ; 8 ; 1 ; 1 ; 2 ; 0 ; 0 ; 0 ; 4 ; 0 ; 0 ; 0 ; 0 ; 0 ; 0 ; 0 ; 0 ; 8 ; 1 ; 1 ; 2 ; 0 ; 0 ; 0 ; 4 ; 0 ; 0 ; 0 ; 0 ; 0 ; 0 ; 0 ; 0 ; 7 ; 0 ; 1 ; 2 ; 0 ; 0 ; 0 ; 4 ; 0 ; 0 ; 0 ; 0 ; 0 ; 0 ; 0 ; 0 ; 3 ; 5 ; 2 ; 12 ; 10.0 ; 2.0 ; 4.0 ; 1.5 ; 3.0 ; 1.5 ; 7 ; [[4, 3, 1, 2, 2, 4], [1, 5, 2, 5], [3, 2, 4, 4, 5]]
1 ; 0.32653061224489793 ; 0.32653061224489793 ; 0.0 ; 0.0 ; 1.0 ; 1.0 ; 8 ; 14 ; 0.3469387755102041 ; 0.9183673469387755 ; 0.3137254901960784 ; 0.32653061224489793 ; 1.0 ; 1.0 ; 2 ; 18 ; 0.30612244897959184 ; 0.8877551020408163 ; 0.2857142857142857 ; 0.32653061224489793 ; EXT ; NC ; 8 ; 0.75 ; 100 ; 100 ; 98 ; 0.98 ; 0 ; 0.09183673469387756 ; 1 ; 2 ; 0 ; 0 ; 7 ; 0 ; 2 ; 1 ; 0 ; 0 ; 0 ; 4 ; 0 ; 0 ; 0 ; 0 ; 0 ; 0 ; 0 ; 0 ; 6 ; 0 ; 0 ; 2 ; 0 ; 0 ; 0 ; 4 ; 0 ; 0 ; 0 ; 0 ; 0 ; 0 ; 0 ; 0 ; 7 ; 0 ; 1 ; 2 ; 0 ; 0 ; 0 ; 4 ; 0 ; 0 ; 0 ; 0 ; 0 ; 0 ; 0 ; 0 ; 3 ; 5 ; 1 ; 12 ; 10.0 ; 2.0 ; 4.0 ; 1.5 ; 3.0 ; 1.5 ; 2 ; [[3, 4, 4], [2, 5, 3, 4, 2, 3, 2, 4], [6]]
1 ; 0.25510204081632654 ; 0.5918367346938775 ; 0.0 ; 0.0 ; 1.0 ; 1.0 ; 4 ; 29 ; 0.30612244897959184 ; 0.8877551020408163 ; 0.5510204081632653 ; 0.5918367346938775 ; 1.0 ; 1.0 ; 0 ; 26 ; 0.20408163265306123 ; 0.8979591836734694 ; 0.6226415094339622 ; 0.5918367346938775 ; EXT ; NC ; 8 ; 0.75 ; 100 ; 100 ; 98 ; 0.98 ; 0 ; 0.04081632653061224 ; 1 ; 2 ; 0 ; 0 ; 7 ; 0 ; 1 ; 2 ; 0 ; 0 ; 0 ; 4 ; 0 ; 0 ; 0 ; 0 ; 0 ; 0 ; 0 ; 0 ; 7 ; 0 ; 1 ; 2 ; 0 ; 0 ; 0 ; 4 ; 0 ; 0 ; 0 ; 0 ; 0 ; 0 ; 0 ; 0 ; 7 ; 0 ; 1 ; 2 ; 0 ; 0 ; 0 ; 4 ; 0 ; 0 ; 0 ; 0 ; 0 ; 0 ; 0 ; 0 ; 3 ; 4 ; 2 ; 12 ; 10.0 ; 2.0 ; 4.0 ; 1.5 ; 3.0 ; 1.5 ; 4 ; [[4, 4, 3, 4], [3, 4, 3, 6], [4, 4, 1, 3, 5, 3]]
1 ; 0.3163265306122449 ; 0.8877551020408163 ; 0.0 ; 0.0 ; 1.0 ; 1.0 ; 2 ; 49 ; 0.3469387755102041 ; 0.8877551020408163 ; 0.8135593220338984 ; 0.9387755102040817 ; 1.0 ; 1.0 ; 10 ; 27 ; 0.2857142857142857 ; 0.9591836734693877 ; 0.9411764705882353 ; 0.9387755102040817 ; EXT ; NC ; 8 ; 0.75 ; 100 ; 100 ; 98 ; 0.98 ; 0 ; 0.12244897959183673 ; 1 ; 2 ; 0 ; 0 ; 7 ; 0 ; 1 ; 2 ; 0 ; 0 ; 0 ; 4 ; 0 ; 0 ; 0 ; 0 ; 0 ; 0 ; 0 ; 0 ; 7 ; 0 ; 1 ; 2 ; 0 ; 0 ; 0 ; 4 ; 7 ; 0 ; 0 ; 0 ; 0 ; 0 ; 7 ; 0 ; 7 ; 0 ; 1 ; 2 ; 0 ; 0 ; 0 ; 4 ; 0 ; 0 ; 0 ; 0 ; 0 ; 0 ; 0 ; 0 ; 3 ; 4 ; 4 ; 12 ; 10.0 ; 2.0 ; 4.0 ; 1.5 ; 3.0 ; 1.5 ; 7 ; [[5, 3, 2, 8], [3, 1, 5, 1], [3, 6, 4]]
1 ; 0.336734693877551 ; 0.5612244897959183 ; 0.0 ; 0.0 ; 1.0 ; 1.0 ; 0 ; 14 ; 0.32653061224489793 ; 0.9795918367346939 ; 0.5961538461538461 ; 0.5612244897959183 ; 1.0 ; 1.0 ; 3 ; 12 ; 0.3469387755102041 ; 1.0 ; 0.5306122448979592 ; 0.5612244897959183 ; EXT ; NC ; 8 ; 0.75 ; 100 ; 100 ; 98 ; 0.98 ; 0 ; 0.030612244897959183 ; 1 ; 2 ; 0 ; 0 ; 8 ; 1 ; 1 ; 2 ; 0 ; 0 ; 0 ; 4 ; 0 ; 0 ; 0 ; 0 ; 0 ; 0 ; 0 ; 0 ; 7 ; 0 ; 1 ; 2 ; 0 ; 0 ; 0 ; 4 ; 0 ; 0 ; 0 ; 0 ; 0 ; 0 ; 0 ; 0 ; 8 ; 1 ; 1 ; 2 ; 0 ; 0 ; 0 ; 4 ; 0 ; 0 ; 0 ; 0 ; 0 ; 0 ; 0 ; 0 ; 3 ; 3 ; 2 ; 12 ; 10.0 ; 2.0 ; 4.0 ; 1.5 ; 3.0 ; 1.5 ; 7 ; [[6, 1, 4, 6, 1], [6, 5, 4], [4, 3, 3]]
1 ; 0.32653061224489793 ; 0.6020408163265306 ; 0.0 ; 0.0 ; 1.0 ; 0.96875 ; 5 ; 27 ; 0.32653061224489793 ; 0.9489795918367347 ; 0.6666666666666666 ; 0.6224489795918368 ; 1.0 ; 1.0 ; 5 ; 32 ; 0.32653061224489793 ; 0.9897959183673469 ; 0.5660377358490566 ; 0.6224489795918368 ; EXT ; NC ; 8 ; 0.75 ; 100 ; 100 ; 98 ; 0.98 ; 0 ; 0.09183673469387756 ; 1 ; 2 ; 0 ; 0 ; 9 ; 2 ; 1 ; 2 ; 0 ; 0 ; 0 ; 4 ; 0 ; 0 ; 0 ; 0 ; 0 ; 0 ; 0 ; 0 ; 8 ; 1 ; 1 ; 2 ; 0 ; 0 ; 0 ; 4 ; 0 ; 0 ; 0 ; 0 ; 0 ; 0 ; 0 ; 0 ; 8 ; 1 ; 1 ; 2 ; 0 ; 0 ; 0 ; 4 ; 0 ; 0 ; 0 ; 0 ; 0 ; 0 ; 0 ; 0 ; 3 ; 5 ; 2 ; 12 ; 10.0 ; 2.0 ; 4.0 ; 1.5 ; 3.0 ; 1.5 ; 0 ; [[4, 1, 2], [3, 3, 2, 2], [5]]
1 ; 0.2755102040816326 ; 0.8775510204081632 ; 0.0 ; 0.0 ; 1.0 ; 1.0 ; 5 ; 31 ; 0.30612244897959184 ; 0.9387755102040817 ; 0.8490566037735849 ; 0.9591836734693877 ; 1.0 ; 1.0 ; 4 ; 30 ; 0.24489795918367346 ; 0.9795918367346939 ; 0.8703703703703703 ; 0.9591836734693877 ; EXT ; NC ; 8 ; 0.75 ; 100 ; 100 ; 98 ; 0.98 ; 0 ; 0.09183673469387756 ; 1 ; 2 ; 0 ; 0 ; 9 ; 2 ; 1 ; 2 ; 0 ; 0 ; 0 ; 4 ; 0 ; 0 ; 0 ; 0 ; 0 ; 0 ; 0 ; 0 ; 8 ; 1 ; 0 ; 3 ; 0 ; 0 ; 0 ; 4 ; 0 ; 0 ; 0 ; 0 ; 0 ; 0 ; 0 ; 0 ; 8 ; 1 ; 1 ; 2 ; 0 ; 0 ; 0 ; 4 ; 0 ; 0 ; 0 ; 0 ; 0 ; 0 ; 0 ; 0 ; 3 ; 5 ; 3 ; 12 ; 10.0 ; 2.0 ; 4.0 ; 1.5 ; 3.0 ; 1.5 ; 2 ; [[3, 3, 2, 3], [1, 3, 2, 1, 3, 4, 1], [2, 4, 4, 2, 3]]
1 ; 0.24489795918367346 ; 0.6836734693877551 ; 0.0 ; 0.0 ; 1.0 ; 1.0 ; 9 ; 54 ; 0.24489795918367346 ; 0.9693877551020408 ; 0.6349206349206349 ; 0.6836734693877551 ; 1.0 ; 1.0 ; 17 ; 37 ; 0.24489795918367346 ; 0.9591836734693877 ; 0.6666666666666666 ; 0.6836734693877551 ; EXT ; NC ; 8 ; 0.75 ; 100 ; 100 ; 98 ; 0.98 ; 0 ; 0.22448979591836735 ; 1 ; 2 ; 0 ; 0 ; 9 ; 2 ; 2 ; 1 ; 0 ; 0 ; 0 ; 4 ; 0 ; 0 ; 0 ; 0 ; 0 ; 0 ; 0 ; 0 ; 8 ; 1 ; 1 ; 2 ; 0 ; 0 ; 0 ; 4 ; 0 ; 0 ; 0 ; 0 ; 0 ; 0 ; 0 ; 0 ; 8 ; 1 ; 1 ; 2 ; 0 ; 0 ; 0 ; 4 ; 0 ; 0 ; 0 ; 0 ; 0 ; 0 ; 0 ; 0 ; 3 ; 5 ; 2 ; 12 ; 10.0 ; 2.0 ; 4.0 ; 1.5 ; 3.0 ; 1.5 ; 3 ; [[4, 3, 2, 1], [4, 5], [4, 1, 4]]
1 ; 0.24489795918367346 ; 0.6530612244897959 ; 0.0 ; 0.0 ; 1.0 ; 1.0 ; 10 ; 24 ; 0.24489795918367346 ; 0.9591836734693877 ; 0.6346153846153846 ; 0.6632653061224489 ; 1.0 ; 1.0 ; 3 ; 26 ; 0.24489795918367346 ; 0.9285714285714286 ; 0.6779661016949152 ; 0.6632653061224489 ; EXT ; NC ; 8 ; 0.75 ; 100 ; 100 ; 98 ; 0.98 ; 0 ; 0.1326530612244898 ; 1 ; 2 ; 0 ; 0 ; 8 ; 1 ; 1 ; 2 ; 0 ; 0 ; 0 ; 4 ; 0 ; 0 ; 0 ; 0 ; 0 ; 0 ; 0 ; 0 ; 7 ; 0 ; 1 ; 2 ; 0 ; 0 ; 0 ; 4 ; 0 ; 0 ; 0 ; 0 ; 0 ; 0 ; 0 ; 0 ; 8 ; 1 ; 1 ; 2 ; 0 ; 0 ; 0 ; 4 ; 0 ; 0 ; 0 ; 0 ; 0 ; 0 ; 0 ; 0 ; 3 ; 4 ; 2 ; 12 ; 10.0 ; 2.0 ; 4.0 ; 1.5 ; 3.0 ; 1.5 ; 3 ; [[2, 2, 3, 5], [4, 4, 2, 3], [4, 1, 1]]
1 ; 0.3673469387755102 ; 0.9081632653061225 ; 0.0 ; 0.0 ; 1.0 ; 1.0 ; 10 ; 26 ; 0.3469387755102041 ; 0.9591836734693877 ; 0.9230769230769231 ; 0.9795918367346939 ; 1.0 ; 1.0 ; 3 ; 57 ; 0.3877551020408163 ; 0.9693877551020408 ; 0.8813559322033898 ; 0.9795918367346939 ; EXT ; NC ; 8 ; 0.75 ; 100 ; 100 ; 98 ; 0.98 ; 0 ; 0.1326530612244898 ; 1 ; 2 ; 0 ; 0 ; 9 ; 2 ; 1 ; 2 ; 0 ; 0 ; 0 ; 4 ; 0 ; 0 ; 0 ; 0 ; 0 ; 0 ; 0 ; 0 ; 8 ; 1 ; 1 ; 2 ; 0 ; 0 ; 0 ; 4 ; 0 ; 0 ; 0 ; 0 ; 0 ; 0 ; 0 ; 0 ; 8 ; 1 ; 1 ; 2 ; 0 ; 0 ; 0 ; 4 ; 0 ; 0 ; 0 ; 0 ; 0 ; 0 ; 0 ; 0 ; 3 ; 4 ; 3 ; 12 ; 10.0 ; 2.0 ; 4.0 ; 1.5 ; 3.0 ; 1.5 ; 3 ; [[7, 1, 3], [3, 4, 3], [2, 3, 3, 2, 4, 4]]
1 ; 0.30612244897959184 ; 0.5612244897959183 ; 0.0 ; 0.0 ; 1.0 ; 1.0 ; 0 ; 30 ; 0.3673469387755102 ; 0.9183673469387755 ; 0.49122807017543857 ; 0.5816326530612245 ; 1.0 ; 1.0 ; 8 ; 16 ; 0.24489795918367346 ; 0.9489795918367347 ; 0.6326530612244898 ; 0.5816326530612245 ; EXT ; NC ; 8 ; 0.75 ; 100 ; 100 ; 98 ; 0.98 ; 0 ; 0.08163265306122448 ; 1 ; 2 ; 0 ; 0 ; 7 ; 0 ; 1 ; 2 ; 0 ; 0 ; 0 ; 4 ; 0 ; 0 ; 0 ; 0 ; 0 ; 0 ; 0 ; 0 ; 7 ; 0 ; 1 ; 2 ; 0 ; 0 ; 0 ; 4 ; 0 ; 0 ; 0 ; 0 ; 0 ; 0 ; 0 ; 0 ; 7 ; 0 ; 1 ; 2 ; 0 ; 0 ; 0 ; 4 ; 0 ; 0 ; 0 ; 0 ; 0 ; 0 ; 0 ; 0 ; 3 ; 3 ; 2 ; 12 ; 10.0 ; 2.0 ; 4.0 ; 1.5 ; 3.0 ; 1.5 ; 6 ; [[1, 5, 1, 3], [5, 3, 4, 5, 1], [2, 4, 4, 6, 4, 3, 4]]
1 ; 0.35714285714285715 ; 0.5102040816326531 ; 0.0 ; 0.0 ; 1.0 ; 1.0 ; 0 ; 26 ; 0.3673469387755102 ; 0.9387755102040817 ; 0.4339622641509434 ; 0.5102040816326531 ; 1.0 ; 1.0 ; 4 ; 14 ; 0.3469387755102041 ; 0.8775510204081632 ; 0.5918367346938775 ; 0.5102040816326531 ; EXT ; NC ; 8 ; 0.75 ; 100 ; 100 ; 98 ; 0.98 ; 0 ; 0.04081632653061224 ; 1 ; 2 ; 0 ; 0 ; 7 ; 0 ; 1 ; 2 ; 0 ; 0 ; 0 ; 4 ; 0 ; 0 ; 0 ; 0 ; 0 ; 0 ; 0 ; 0 ; 8 ; 0 ; 1 ; 1 ; 0 ; 0 ; 2 ; 4 ; 3 ; 0 ; 0 ; 0 ; 0 ; 0 ; 3 ; 0 ; 7 ; 0 ; 1 ; 2 ; 0 ; 0 ; 0 ; 4 ; 0 ; 0 ; 0 ; 0 ; 0 ; 0 ; 0 ; 0 ; 3 ; 4 ; 2 ; 12 ; 10.0 ; 2.0 ; 4.0 ; 1.5 ; 3.0 ; 1.5 ; 1 ; [[3, 4, 3, 2, 2, 4], [1, 1], [4, 1, 3, 4, 2]]
1 ; 0.29591836734693877 ; 0.7959183673469388 ; 0.0 ; 0.0 ; 1.0 ; 1.0 ; 6 ; 50 ; 0.30612244897959184 ; 0.8877551020408163 ; 0.8867924528301887 ; 0.8775510204081632 ; 1.0 ; 1.0 ; 4 ; 70 ; 0.2857142857142857 ; 0.9489795918367347 ; 0.7272727272727273 ; 0.8775510204081632 ; EXT ; NC ; 8 ; 0.75 ; 100 ; 100 ; 98 ; 0.98 ; 0 ; 0.10204081632653061 ; 1 ; 2 ; 0 ; 0 ; 8 ; 1 ; 1 ; 2 ; 0 ; 0 ; 0 ; 4 ; 0 ; 0 ; 0 ; 0 ; 0 ; 0 ; 0 ; 0 ; 7 ; 0 ; 1 ; 2 ; 0 ; 0 ; 0 ; 4 ; 0 ; 0 ; 0 ; 0 ; 0 ; 0 ; 0 ; 0 ; 7 ; 0 ; 1 ; 2 ; 0 ; 0 ; 0 ; 4 ; 0 ; 0 ; 0 ; 0 ; 0 ; 0 ; 0 ; 0 ; 3 ; 5 ; 3 ; 12 ; 10.0 ; 2.0 ; 4.0 ; 1.5 ; 3.0 ; 1.5 ; 3 ; [[1, 3, 1, 3], [1, 3, 2, 6, 1], [4, 3, 3]]
1 ; 0.32653061224489793 ; 0.5306122448979592 ; 0.0 ; 0.0 ; 1.0 ; 1.0 ; 10 ; 32 ; 0.32653061224489793 ; 0.8979591836734694 ; 0.5660377358490566 ; 0.5408163265306123 ; 1.0 ; 1.0 ; 4 ; 21 ; 0.32653061224489793 ; 0.9285714285714286 ; 0.559322033898305 ; 0.5408163265306123 ; EXT ; NC ; 8 ; 0.75 ; 100 ; 100 ; 98 ; 0.98 ; 0 ; 0.14285714285714285 ; 1 ; 2 ; 0 ; 0 ; 8 ; 1 ; 2 ; 1 ; 0 ; 0 ; 0 ; 4 ; 0 ; 0 ; 0 ; 0 ; 0 ; 0 ; 0 ; 0 ; 7 ; 0 ; 1 ; 2 ; 0 ; 0 ; 0 ; 4 ; 0 ; 0 ; 0 ; 0 ; 0 ; 0 ; 0 ; 0 ; 7 ; 0 ; 1 ; 2 ; 0 ; 0 ; 0 ; 4 ; 5 ; 0 ; 0 ; 0 ; 0 ; 0 ; 5 ; 0 ; 3 ; 4 ; 3 ; 12 ; 10.0 ; 2.0 ; 4.0 ; 1.5 ; 3.0 ; 1.5 ; 2 ; [[3, 3, 2, 4], [1, 3], [1, 3, 4, 4, 2]]
1 ; 0.2755102040816326 ; 0.8469387755102041 ; 0.0 ; 0.0 ; 1.0 ; 1.0 ; 2 ; 25 ; 0.30612244897959184 ; 0.8775510204081632 ; 0.8163265306122449 ; 0.9693877551020408 ; 1.0 ; 1.0 ; 0 ; 36 ; 0.24489795918367346 ; 0.9489795918367347 ; 0.8627450980392157 ; 0.9693877551020408 ; EXT ; NC ; 8 ; 0.75 ; 100 ; 100 ; 98 ; 0.98 ; 0 ; 0.02040816326530612 ; 1 ; 2 ; 0 ; 0 ; 7 ; 0 ; 1 ; 2 ; 0 ; 0 ; 0 ; 4 ; 0 ; 0 ; 0 ; 0 ; 0 ; 0 ; 0 ; 0 ; 7 ; 0 ; 1 ; 2 ; 0 ; 0 ; 0 ; 4 ; 7 ; 0 ; 0 ; 0 ; 0 ; 0 ; 7 ; 0 ; 7 ; 0 ; 1 ; 2 ; 0 ; 0 ; 0 ; 4 ; 2 ; 0 ; 0 ; 0 ; 0 ; 0 ; 2 ; 0 ; 3 ; 3 ; 4 ; 12 ; 10.0 ; 2.0 ; 4.0 ; 1.5 ; 3.0 ; 1.5 ; 3 ; [[2, 3, 3, 2, 3], [1, 2, 3, 2, 3], [4, 2, 4]]
1 ; 0.20408163265306123 ; 0.673469387755102 ; 0.0 ; 0.0 ; 1.0 ; 1.0 ; 6 ; 23 ; 0.1836734693877551 ; 0.9489795918367347 ; 0.6666666666666666 ; 0.673469387755102 ; 1.0 ; 1.0 ; 2 ; 26 ; 0.22448979591836735 ; 0.9285714285714286 ; 0.6545454545454545 ; 0.673469387755102 ; EXT ; NC ; 8 ; 0.75 ; 100 ; 100 ; 98 ; 0.98 ; 0 ; 0.08163265306122448 ; 1 ; 2 ; 0 ; 0 ; 8 ; 1 ; 1 ; 2 ; 0 ; 0 ; 0 ; 4 ; 0 ; 0 ; 0 ; 0 ; 0 ; 0 ; 0 ; 0 ; 8 ; 1 ; 1 ; 2 ; 0 ; 0 ; 0 ; 4 ; 0 ; 0 ; 0 ; 0 ; 0 ; 0 ; 0 ; 0 ; 7 ; 0 ; 1 ; 2 ; 0 ; 0 ; 0 ; 4 ; 0 ; 0 ; 0 ; 0 ; 0 ; 0 ; 0 ; 0 ; 3 ; 4 ; 2 ; 12 ; 10.0 ; 2.0 ; 4.0 ; 1.5 ; 3.0 ; 1.5 ; 2 ; [[5], [3, 1, 1, 3, 2, 3, 1], [2, 2]]
1 ; 0.3163265306122449 ; 0.5204081632653061 ; 0.0 ; 0.0 ; 1.0 ; 1.0 ; 6 ; 24 ; 0.32653061224489793 ; 0.8877551020408163 ; 0.4897959183673469 ; 0.5408163265306123 ; 1.0 ; 1.0 ; 0 ; 31 ; 0.30612244897959184 ; 0.8979591836734694 ; 0.5272727272727272 ; 0.5408163265306123 ; EXT ; NC ; 8 ; 0.75 ; 100 ; 100 ; 98 ; 0.98 ; 0 ; 0.061224489795918366 ; 1 ; 2 ; 0 ; 0 ; 7 ; 0 ; 1 ; 2 ; 0 ; 0 ; 0 ; 4 ; 0 ; 0 ; 0 ; 0 ; 0 ; 0 ; 0 ; 0 ; 7 ; 0 ; 1 ; 2 ; 0 ; 0 ; 0 ; 4 ; 0 ; 0 ; 0 ; 0 ; 0 ; 0 ; 0 ; 0 ; 7 ; 0 ; 1 ; 2 ; 0 ; 0 ; 0 ; 4 ; 0 ; 0 ; 0 ; 0 ; 0 ; 0 ; 0 ; 0 ; 3 ; 3 ; 2 ; 12 ; 10.0 ; 2.0 ; 4.0 ; 1.5 ; 3.0 ; 1.5 ; 19 ; [[2, 4, 5, 2, 2, 2, 3], [4, 4, 2, 3, 4, 3], [4, 4, 3, 4, 1, 6]]
1 ; 0.25510204081632654 ; 0.6632653061224489 ; 0.0 ; 0.0 ; 1.0 ; 1.0 ; 0 ; 25 ; 0.24489795918367346 ; 0.9693877551020408 ; 0.6037735849056604 ; 0.6632653061224489 ; 1.0 ; 1.0 ; 4 ; 23 ; 0.2653061224489796 ; 0.9489795918367347 ; 0.673469387755102 ; 0.6632653061224489 ; EXT ; NC ; 8 ; 0.75 ; 100 ; 100 ; 98 ; 0.98 ; 0 ; 0.04081632653061224 ; 1 ; 2 ; 0 ; 0 ; 8 ; 1 ; 1 ; 2 ; 0 ; 0 ; 0 ; 4 ; 0 ; 0 ; 0 ; 0 ; 0 ; 0 ; 0 ; 0 ; 8 ; 1 ; 1 ; 2 ; 0 ; 0 ; 0 ; 4 ; 0 ; 0 ; 0 ; 0 ; 0 ; 0 ; 0 ; 0 ; 7 ; 0 ; 1 ; 2 ; 0 ; 0 ; 0 ; 4 ; 0 ; 0 ; 0 ; 0 ; 0 ; 0 ; 0 ; 0 ; 3 ; 4 ; 2 ; 12 ; 10.0 ; 2.0 ; 4.0 ; 1.5 ; 3.0 ; 1.5 ; 0 ; [[3, 3, 2, 4, 5], [5, 3], [4, 2, 4]]
1 ; 0.2857142857142857 ; 0.5714285714285714 ; 0.0 ; 0.0 ; 1.0 ; 0.967741935483871 ; 2 ; 41 ; 0.32653061224489793 ; 0.9591836734693877 ; 0.631578947368421 ; 0.6020408163265306 ; 1.0 ; 1.0 ; 8 ; 32 ; 0.24489795918367346 ; 0.9693877551020408 ; 0.5882352941176471 ; 0.6020408163265306 ; EXT ; NC ; 8 ; 0.75 ; 100 ; 100 ; 98 ; 0.98 ; 0 ; 0.10204081632653061 ; 1 ; 2 ; 0 ; 0 ; 8 ; 1 ; 1 ; 2 ; 0 ; 0 ; 0 ; 4 ; 0 ; 0 ; 0 ; 0 ; 0 ; 0 ; 0 ; 0 ; 7 ; 0 ; 1 ; 2 ; 0 ; 0 ; 0 ; 4 ; 0 ; 0 ; 0 ; 0 ; 0 ; 0 ; 0 ; 0 ; 8 ; 1 ; 1 ; 2 ; 0 ; 0 ; 0 ; 4 ; 0 ; 0 ; 0 ; 0 ; 0 ; 0 ; 0 ; 0 ; 3 ; 4 ; 2 ; 12 ; 10.0 ; 2.0 ; 4.0 ; 1.5 ; 3.0 ; 1.5 ; 4 ; [[2, 1, 2, 2], [2, 3, 1], [1, 3, 4, 5, 3]]
1 ; 0.2755102040816326 ; 0.8469387755102041 ; 0.0 ; 0.0 ; 1.0 ; 0.9353535353535354 ; 5 ; 47 ; 0.2857142857142857 ; 0.9591836734693877 ; 0.7741935483870968 ; 0.8571428571428571 ; 1.0 ; 1.0 ; 13 ; 37 ; 0.2653061224489796 ; 0.8673469387755102 ; 0.9629629629629629 ; 0.8571428571428571 ; EXT ; NC ; 8 ; 0.75 ; 100 ; 100 ; 98 ; 0.98 ; 0 ; 0.1836734693877551 ; 1 ; 2 ; 0 ; 0 ; 10 ; 2 ; 4 ; 0 ; 0 ; 0 ; 0 ; 4 ; 0 ; 0 ; 0 ; 0 ; 0 ; 0 ; 0 ; 0 ; 7 ; 0 ; 1 ; 2 ; 0 ; 0 ; 0 ; 4 ; 0 ; 0 ; 0 ; 0 ; 0 ; 0 ; 0 ; 0 ; 8 ; 1 ; 0 ; 3 ; 0 ; 0 ; 0 ; 4 ; 0 ; 0 ; 0 ; 0 ; 0 ; 0 ; 0 ; 0 ; 3 ; 5 ; 3 ; 12 ; 10.0 ; 2.0 ; 4.0 ; 1.5 ; 3.0 ; 1.5 ; 3 ; [[1, 3, 2, 3, 2, 3, 3], [5, 3, 3, 3], [3, 1, 2, 3]]
1 ; 0.24489795918367346 ; 0.8775510204081632 ; 0.0 ; 0.0 ; 1.0 ; 1.0 ; 4 ; 65 ; 0.20408163265306123 ; 0.9183673469387755 ; 0.8448275862068966 ; 0.9489795918367347 ; 1.0 ; 1.0 ; 10 ; 52 ; 0.2857142857142857 ; 0.9285714285714286 ; 0.8679245283018868 ; 0.9489795918367347 ; EXT ; NC ; 8 ; 0.75 ; 100 ; 100 ; 98 ; 0.98 ; 0 ; 0.1326530612244898 ; 1 ; 2 ; 0 ; 0 ; 8 ; 1 ; 1 ; 2 ; 0 ; 0 ; 0 ; 4 ; 0 ; 0 ; 0 ; 0 ; 0 ; 0 ; 0 ; 0 ; 7 ; 0 ; 1 ; 2 ; 0 ; 0 ; 0 ; 4 ; 0 ; 0 ; 0 ; 0 ; 0 ; 0 ; 0 ; 0 ; 7 ; 0 ; 1 ; 2 ; 0 ; 0 ; 0 ; 4 ; 0 ; 0 ; 0 ; 0 ; 0 ; 0 ; 0 ; 0 ; 3 ; 3 ; 3 ; 12 ; 10.0 ; 2.0 ; 4.0 ; 1.5 ; 3.0 ; 1.5 ; 2 ; [[2, 2, 4, 4], [3, 3, 2, 1, 4, 3, 5], [1, 2]]
1 ; 0.3469387755102041 ; 0.7857142857142857 ; 0.0 ; 0.0 ; 1.0 ; 1.0 ; 10 ; 56 ; 0.3469387755102041 ; 0.9591836734693877 ; 0.7796610169491526 ; 0.9387755102040817 ; 1.0 ; 1.0 ; 10 ; 74 ; 0.3469387755102041 ; 0.9183673469387755 ; 0.7627118644067796 ; 0.8877551020408163 ; EXT ; NC ; 8 ; 0.75 ; 100 ; 100 ; 98 ; 0.98 ; 0 ; 0.20408163265306123 ; 1 ; 2 ; 0 ; 0 ; 9 ; 2 ; 1 ; 2 ; 0 ; 0 ; 0 ; 4 ; 0 ; 0 ; 0 ; 0 ; 0 ; 0 ; 0 ; 0 ; 7 ; 0 ; 1 ; 2 ; 0 ; 0 ; 0 ; 4 ; 0 ; 0 ; 0 ; 0 ; 0 ; 0 ; 0 ; 0 ; 8 ; 1 ; 0 ; 3 ; 0 ; 0 ; 0 ; 4 ; 0 ; 0 ; 0 ; 0 ; 0 ; 0 ; 0 ; 0 ; 3 ; 5 ; 3 ; 12 ; 10.0 ; 2.0 ; 4.0 ; 1.5 ; 3.0 ; 1.5 ; 3 ; [[1, 4, 4], [2, 1, 5, 5, 3], [2, 1, 3, 3, 5]]
1 ; 0.3163265306122449 ; 0.6428571428571429 ; 0.0 ; 0.0 ; 1.0 ; 1.0 ; 0 ; 22 ; 0.32653061224489793 ; 0.9591836734693877 ; 0.6470588235294118 ; 0.6428571428571429 ; 1.0 ; 1.0 ; 2 ; 13 ; 0.30612244897959184 ; 1.0 ; 0.6122448979591837 ; 0.6428571428571429 ; EXT ; NC ; 8 ; 0.75 ; 100 ; 100 ; 98 ; 0.98 ; 0 ; 0.02040816326530612 ; 1 ; 2 ; 0 ; 0 ; 7 ; 0 ; 1 ; 2 ; 0 ; 0 ; 0 ; 4 ; 0 ; 0 ; 0 ; 0 ; 0 ; 0 ; 0 ; 0 ; 7 ; 0 ; 1 ; 2 ; 0 ; 0 ; 0 ; 4 ; 0 ; 0 ; 0 ; 0 ; 0 ; 0 ; 0 ; 0 ; 7 ; 0 ; 1 ; 2 ; 0 ; 0 ; 0 ; 4 ; 0 ; 0 ; 0 ; 0 ; 0 ; 0 ; 0 ; 0 ; 3 ; 3 ; 2 ; 12 ; 10.0 ; 2.0 ; 4.0 ; 1.5 ; 3.0 ; 1.5 ; 8 ; [[4, 4, 3], [5, 3, 6, 3, 5, 6, 5], [5]]
1 ; 0.22448979591836735 ; 0.5612244897959183 ; 0.0 ; 0.0 ; 1.0 ; 1.0 ; 15 ; 45 ; 0.1836734693877551 ; 0.9897959183673469 ; 0.6296296296296297 ; 0.6326530612244898 ; 1.0 ; 1.0 ; 5 ; 34 ; 0.2653061224489796 ; 0.9387755102040817 ; 0.5238095238095238 ; 0.6326530612244898 ; EXT ; NC ; 8 ; 0.75 ; 100 ; 100 ; 98 ; 0.98 ; 0 ; 0.19387755102040816 ; 1 ; 2 ; 0 ; 0 ; 10 ; 2 ; 3 ; 1 ; 0 ; 0 ; 0 ; 4 ; 0 ; 0 ; 0 ; 0 ; 0 ; 0 ; 0 ; 0 ; 8 ; 1 ; 1 ; 2 ; 0 ; 0 ; 0 ; 4 ; 0 ; 0 ; 0 ; 0 ; 0 ; 0 ; 0 ; 0 ; 9 ; 1 ; 2 ; 2 ; 0 ; 0 ; 0 ; 4 ; 0 ; 0 ; 0 ; 0 ; 0 ; 0 ; 0 ; 0 ; 3 ; 4 ; 2 ; 12 ; 10.0 ; 2.0 ; 4.0 ; 1.5 ; 3.0 ; 1.5 ; 2 ; [[3, 4, 2, 3, 2], [2, 2, 5, 1], [3, 3, 1, 2]]
1 ; 0.2653061224489796 ; 0.2755102040816326 ; 0.0 ; 0.0 ; 1.0 ; 1.0 ; 9 ; 27 ; 0.2653061224489796 ; 0.9183673469387755 ; 0.32 ; 0.2755102040816326 ; 1.0 ; 1.0 ; 1 ; 42 ; 0.2653061224489796 ; 0.9387755102040817 ; 0.20689655172413793 ; 0.2755102040816326 ; EXT ; NC ; 8 ; 0.75 ; 100 ; 100 ; 98 ; 0.98 ; 0 ; 0.10204081632653061 ; 1 ; 2 ; 0 ; 0 ; 8 ; 1 ; 1 ; 2 ; 0 ; 0 ; 0 ; 4 ; 0 ; 0 ; 0 ; 0 ; 0 ; 0 ; 0 ; 0 ; 8 ; 1 ; 1 ; 2 ; 0 ; 0 ; 0 ; 4 ; 0 ; 0 ; 0 ; 0 ; 0 ; 0 ; 0 ; 0 ; 7 ; 0 ; 1 ; 2 ; 0 ; 0 ; 0 ; 4 ; 0 ; 0 ; 0 ; 0 ; 0 ; 0 ; 0 ; 0 ; 3 ; 4 ; 1 ; 12 ; 10.0 ; 2.0 ; 4.0 ; 1.5 ; 3.0 ; 1.5 ; 2 ; [[4, 1], [1, 4, 3, 4, 1], [3, 3, 2, 1]]
1 ; 0.2755102040816326 ; 0.7857142857142857 ; 0.0 ; 0.0 ; 1.0 ; 1.0 ; 11 ; 52 ; 0.2653061224489796 ; 0.9081632653061225 ; 0.6379310344827587 ; 0.8877551020408163 ; 1.0 ; 1.0 ; 10 ; 68 ; 0.2857142857142857 ; 0.8775510204081632 ; 0.9 ; 0.8877551020408163 ; EXT ; NC ; 8 ; 0.75 ; 100 ; 100 ; 98 ; 0.98 ; 0 ; 0.20408163265306123 ; 1 ; 2 ; 0 ; 0 ; 8 ; 1 ; 1 ; 2 ; 0 ; 0 ; 0 ; 4 ; 0 ; 0 ; 0 ; 0 ; 0 ; 0 ; 0 ; 0 ; 7 ; 0 ; 1 ; 2 ; 0 ; 0 ; 0 ; 4 ; 7 ; 0 ; 0 ; 0 ; 0 ; 0 ; 7 ; 0 ; 7 ; 0 ; 1 ; 2 ; 0 ; 0 ; 0 ; 4 ; 0 ; 0 ; 0 ; 0 ; 0 ; 0 ; 0 ; 0 ; 3 ; 4 ; 4 ; 12 ; 10.0 ; 2.0 ; 4.0 ; 1.5 ; 3.0 ; 1.5 ; 7 ; [[4, 3, 1, 2, 2, 4], [1, 5, 2, 5], [3, 2, 4, 4, 5]]
1 ; 0.336734693877551 ; 0.8877551020408163 ; 0.0 ; 0.0 ; 1.0 ; 1.0 ; 0 ; 13 ; 0.3469387755102041 ; 0.9489795918367347 ; 0.8367346938775511 ; 0.9591836734693877 ; 1.0 ; 1.0 ; 0 ; 17 ; 0.32653061224489793 ; 0.9591836734693877 ; 0.9387755102040817 ; 0.9591836734693877 ; EXT ; NC ; 8 ; 0.75 ; 100 ; 100 ; 98 ; 0.98 ; 0 ; 0.0 ; 1 ; 2 ; 0 ; 0 ; 8 ; 1 ; 1 ; 2 ; 0 ; 0 ; 0 ; 4 ; 0 ; 0 ; 0 ; 0 ; 0 ; 0 ; 0 ; 0 ; 7 ; 0 ; 1 ; 2 ; 0 ; 0 ; 0 ; 4 ; 0 ; 0 ; 0 ; 0 ; 0 ; 0 ; 0 ; 0 ; 8 ; 1 ; 0 ; 3 ; 0 ; 0 ; 0 ; 4 ; 0 ; 0 ; 0 ; 0 ; 0 ; 0 ; 0 ; 0 ; 3 ; 4 ; 3 ; 12 ; 10.0 ; 2.0 ; 4.0 ; 1.5 ; 3.0 ; 1.5 ; 2 ; [[3, 4, 4], [2, 5, 3, 4, 2, 3, 2, 4], [6]]
1 ; 0.336734693877551 ; 0.5408163265306123 ; 0.0 ; 0.0 ; 1.0 ; 1.0 ; 4 ; 20 ; 0.30612244897959184 ; 0.9285714285714286 ; 0.5510204081632653 ; 0.5510204081632653 ; 1.0 ; 1.0 ; 0 ; 27 ; 0.3673469387755102 ; 0.9285714285714286 ; 0.5283018867924528 ; 0.5510204081632653 ; EXT ; NC ; 8 ; 0.75 ; 100 ; 100 ; 98 ; 0.98 ; 0 ; 0.04081632653061224 ; 1 ; 2 ; 0 ; 0 ; 7 ; 0 ; 1 ; 2 ; 0 ; 0 ; 0 ; 4 ; 0 ; 0 ; 0 ; 0 ; 0 ; 0 ; 0 ; 0 ; 7 ; 0 ; 1 ; 2 ; 0 ; 0 ; 0 ; 4 ; 0 ; 0 ; 0 ; 0 ; 0 ; 0 ; 0 ; 0 ; 7 ; 0 ; 1 ; 2 ; 0 ; 0 ; 0 ; 4 ; 0 ; 0 ; 0 ; 0 ; 0 ; 0 ; 0 ; 0 ; 3 ; 3 ; 2 ; 12 ; 10.0 ; 2.0 ; 4.0 ; 1.5 ; 3.0 ; 1.5 ; 4 ; [[4, 4, 3, 4], [3, 4, 3, 6], [4, 4, 1, 3, 5, 3]]
1 ; 0.2857142857142857 ; 0.8877551020408163 ; 0.0 ; 0.0 ; 1.0 ; 1.0 ; 9 ; 48 ; 0.32653061224489793 ; 0.9693877551020408 ; 0.8947368421052632 ; 0.9489795918367347 ; 1.0 ; 1.0 ; 8 ; 47 ; 0.24489795918367346 ; 0.9897959183673469 ; 0.8771929824561403 ; 0.9489795918367347 ; EXT ; NC ; 8 ; 0.75 ; 100 ; 100 ; 98 ; 0.98 ; 0 ; 0.16326530612244897 ; 1 ; 2 ; 0 ; 0 ; 8 ; 1 ; 1 ; 2 ; 0 ; 0 ; 0 ; 4 ; 0 ; 0 ; 0 ; 0 ; 0 ; 0 ; 0 ; 0 ; 7 ; 0 ; 1 ; 2 ; 0 ; 0 ; 0 ; 4 ; 0 ; 0 ; 0 ; 0 ; 0 ; 0 ; 0 ; 0 ; 8 ; 1 ; 1 ; 2 ; 0 ; 0 ; 0 ; 4 ; 0 ; 0 ; 0 ; 0 ; 0 ; 0 ; 0 ; 0 ; 3 ; 4 ; 3 ; 12 ; 10.0 ; 2.0 ; 4.0 ; 1.5 ; 3.0 ; 1.5 ; 7 ; [[5, 3, 2, 8], [3, 1, 5, 1], [3, 6, 4]]
1 ; 0.3979591836734694 ; 0.5408163265306123 ; 0.0 ; 0.0 ; 1.0 ; 1.0 ; 0 ; 22 ; 0.3469387755102041 ; 0.9285714285714286 ; 0.6470588235294118 ; 0.5612244897959183 ; 1.0 ; 1.0 ; 2 ; 16 ; 0.4489795918367347 ; 1.0 ; 0.4489795918367347 ; 0.5612244897959183 ; EXT ; NC ; 8 ; 0.75 ; 100 ; 100 ; 98 ; 0.98 ; 0 ; 0.02040816326530612 ; 1 ; 2 ; 0 ; 0 ; 7 ; 0 ; 1 ; 2 ; 0 ; 0 ; 0 ; 4 ; 0 ; 0 ; 0 ; 0 ; 0 ; 0 ; 0 ; 0 ; 7 ; 0 ; 1 ; 2 ; 0 ; 0 ; 0 ; 4 ; 0 ; 0 ; 0 ; 0 ; 0 ; 0 ; 0 ; 0 ; 7 ; 0 ; 1 ; 2 ; 0 ; 0 ; 0 ; 4 ; 0 ; 0 ; 0 ; 0 ; 0 ; 0 ; 0 ; 0 ; 3 ; 3 ; 2 ; 12 ; 10.0 ; 2.0 ; 4.0 ; 1.5 ; 3.0 ; 1.5 ; 7 ; [[6, 1, 4, 6, 1], [6, 5, 4], [4, 3, 3]]
1 ; 0.2857142857142857 ; 0.6530612244897959 ; 0.0 ; 0.0 ; 1.0 ; 1.0 ; 2 ; 21 ; 0.2653061224489796 ; 0.9795918367346939 ; 0.6470588235294118 ; 0.6530612244897959 ; 1.0 ; 1.0 ; 2 ; 10 ; 0.30612244897959184 ; 0.8979591836734694 ; 0.6274509803921569 ; 0.6530612244897959 ; EXT ; NC ; 8 ; 0.75 ; 100 ; 100 ; 98 ; 0.98 ; 0 ; 0.04081632653061224 ; 1 ; 2 ; 0 ; 0 ; 7 ; 0 ; 1 ; 2 ; 0 ; 0 ; 0 ; 4 ; 0 ; 0 ; 0 ; 0 ; 0 ; 0 ; 0 ; 0 ; 7 ; 0 ; 0 ; 3 ; 0 ; 0 ; 0 ; 4 ; 0 ; 0 ; 0 ; 0 ; 0 ; 0 ; 0 ; 0 ; 7 ; 0 ; 1 ; 2 ; 0 ; 0 ; 0 ; 4 ; 0 ; 0 ; 0 ; 0 ; 0 ; 0 ; 0 ; 0 ; 3 ; 3 ; 2 ; 12 ; 10.0 ; 2.0 ; 4.0 ; 1.5 ; 3.0 ; 1.5 ; 0 ; [[4, 1, 2], [3, 3, 2, 2], [5]]
1 ; 0.32653061224489793 ; 0.22448979591836735 ; 0.0 ; 0.0 ; 1.0 ; 0.9921875 ; 9 ; 27 ; 0.2653061224489796 ; 0.9387755102040817 ; 0.11764705882352941 ; 0.22448979591836735 ; 1.0 ; 1.0 ; 2 ; 30 ; 0.3877551020408163 ; 0.8877551020408163 ; 0.3275862068965517 ; 0.22448979591836735 ; EXT ; NC ; 8 ; 0.75 ; 100 ; 100 ; 98 ; 0.98 ; 0 ; 0.11224489795918367 ; 1 ; 2 ; 0 ; 0 ; 8 ; 1 ; 2 ; 1 ; 0 ; 0 ; 0 ; 4 ; 0 ; 0 ; 0 ; 0 ; 0 ; 0 ; 0 ; 0 ; 8 ; 1 ; 2 ; 1 ; 0 ; 0 ; 0 ; 4 ; 1 ; 0 ; 0 ; 0 ; 0 ; 0 ; 1 ; 0 ; 7 ; 0 ; 1 ; 2 ; 0 ; 0 ; 0 ; 4 ; 0 ; 0 ; 0 ; 0 ; 0 ; 0 ; 0 ; 0 ; 3 ; 4 ; 1 ; 12 ; 10.0 ; 2.0 ; 4.0 ; 1.5 ; 3.0 ; 1.5 ; 2 ; [[3, 3, 2, 3], [1, 3, 2, 1, 3, 4, 1], [2, 4, 4, 2, 3]]
1 ; 0.24489795918367346 ; 0.9081632653061225 ; 0.0 ; 0.0 ; 1.0 ; 1.0 ; 0 ; 25 ; 0.22448979591836735 ; 0.9693877551020408 ; 0.9615384615384616 ; 0.9387755102040817 ; 1.0 ; 1.0 ; 3 ; 27 ; 0.2653061224489796 ; 0.9591836734693877 ; 0.8571428571428571 ; 0.9387755102040817 ; EXT ; NC ; 8 ; 0.75 ; 100 ; 100 ; 98 ; 0.98 ; 0 ; 0.030612244897959183 ; 1 ; 2 ; 0 ; 0 ; 9 ; 2 ; 1 ; 2 ; 0 ; 0 ; 0 ; 4 ; 0 ; 0 ; 0 ; 0 ; 0 ; 0 ; 0 ; 0 ; 8 ; 1 ; 1 ; 2 ; 0 ; 0 ; 0 ; 4 ; 0 ; 0 ; 0 ; 0 ; 0 ; 0 ; 0 ; 0 ; 8 ; 1 ; 1 ; 2 ; 0 ; 0 ; 0 ; 4 ; 0 ; 0 ; 0 ; 0 ; 0 ; 0 ; 0 ; 0 ; 3 ; 5 ; 3 ; 12 ; 10.0 ; 2.0 ; 4.0 ; 1.5 ; 3.0 ; 1.5 ; 3 ; [[4, 3, 2, 1], [4, 5], [4, 1, 4]]
1 ; 0.2653061224489796 ; 0.9285714285714286 ; 0.0 ; 0.0 ; 1.0 ; 1.0 ; 9 ; 60 ; 0.1836734693877551 ; 0.8877551020408163 ; 0.8928571428571429 ; 0.9897959183673469 ; 1.0 ; 1.0 ; 7 ; 87 ; 0.3469387755102041 ; 0.9285714285714286 ; 0.9464285714285714 ; 0.9897959183673469 ; EXT ; NC ; 8 ; 0.75 ; 100 ; 100 ; 98 ; 0.98 ; 0 ; 0.14285714285714285 ; 1 ; 2 ; 0 ; 0 ; 9 ; 2 ; 1 ; 2 ; 0 ; 0 ; 0 ; 4 ; 0 ; 0 ; 0 ; 0 ; 0 ; 0 ; 0 ; 0 ; 8 ; 1 ; 1 ; 2 ; 0 ; 0 ; 0 ; 4 ; 7 ; 0 ; 0 ; 0 ; 0 ; 0 ; 7 ; 0 ; 8 ; 0 ; 1 ; 1 ; 0 ; 0 ; 2 ; 4 ; 2 ; 0 ; 0 ; 0 ; 0 ; 0 ; 2 ; 0 ; 3 ; 4 ; 4 ; 12 ; 10.0 ; 2.0 ; 4.0 ; 1.5 ; 3.0 ; 1.5 ; 3 ; [[2, 2, 3, 5], [4, 4, 2, 3], [4, 1, 1]]
1 ; 0.25510204081632654 ; 0.6326530612244898 ; 0.0 ; 0.0 ; 1.0 ; 1.0 ; 4 ; 14 ; 0.22448979591836735 ; 0.9795918367346939 ; 0.5918367346938775 ; 0.6632653061224489 ; 1.0 ; 1.0 ; 0 ; 20 ; 0.2857142857142857 ; 0.9387755102040817 ; 0.6415094339622641 ; 0.6632653061224489 ; EXT ; NC ; 8 ; 0.75 ; 100 ; 100 ; 98 ; 0.98 ; 0 ; 0.04081632653061224 ; 1 ; 2 ; 0 ; 0 ; 7 ; 0 ; 1 ; 2 ; 0 ; 0 ; 0 ; 4 ; 0 ; 0 ; 0 ; 0 ; 0 ; 0 ; 0 ; 0 ; 7 ; 0 ; 1 ; 2 ; 0 ; 0 ; 0 ; 4 ; 0 ; 0 ; 0 ; 0 ; 0 ; 0 ; 0 ; 0 ; 7 ; 0 ; 1 ; 2 ; 0 ; 0 ; 0 ; 4 ; 0 ; 0 ; 0 ; 0 ; 0 ; 0 ; 0 ; 0 ; 3 ; 3 ; 2 ; 12 ; 10.0 ; 2.0 ; 4.0 ; 1.5 ; 3.0 ; 1.5 ; 3 ; [[7, 1, 3], [3, 4, 3], [2, 3, 3, 2, 4, 4]]
1 ; 0.30612244897959184 ; 0.8877551020408163 ; 0.0 ; 0.0 ; 1.0 ; 1.0 ; 14 ; 59 ; 0.2857142857142857 ; 0.9081632653061225 ; 0.9047619047619048 ; 0.9285714285714286 ; 1.0 ; 1.0 ; 15 ; 66 ; 0.32653061224489793 ; 0.9693877551020408 ; 0.8571428571428571 ; 0.9285714285714286 ; EXT ; NC ; 8 ; 0.75 ; 100 ; 100 ; 98 ; 0.98 ; 0 ; 0.2857142857142857 ; 1 ; 2 ; 0 ; 0 ; 9 ; 2 ; 1 ; 2 ; 0 ; 0 ; 0 ; 4 ; 0 ; 0 ; 0 ; 0 ; 0 ; 0 ; 0 ; 0 ; 8 ; 1 ; 0 ; 3 ; 0 ; 0 ; 0 ; 4 ; 0 ; 0 ; 0 ; 0 ; 0 ; 0 ; 0 ; 0 ; 8 ; 1 ; 1 ; 2 ; 0 ; 0 ; 0 ; 4 ; 0 ; 0 ; 0 ; 0 ; 0 ; 0 ; 0 ; 0 ; 3 ; 4 ; 3 ; 12 ; 10.0 ; 2.0 ; 4.0 ; 1.5 ; 3.0 ; 1.5 ; 6 ; [[1, 5, 1, 3], [5, 3, 4, 5, 1], [2, 4, 4, 6, 4, 3, 4]]
1 ; 0.29591836734693877 ; 0.5408163265306123 ; 0.0 ; 0.0 ; 1.0 ; 1.0 ; 0 ; 26 ; 0.2857142857142857 ; 0.9285714285714286 ; 0.5882352941176471 ; 0.5816326530612245 ; 1.0 ; 1.0 ; 2 ; 18 ; 0.30612244897959184 ; 0.9387755102040817 ; 0.5102040816326531 ; 0.5816326530612245 ; EXT ; NC ; 8 ; 0.75 ; 100 ; 100 ; 98 ; 0.98 ; 0 ; 0.02040816326530612 ; 1 ; 2 ; 0 ; 0 ; 7 ; 0 ; 1 ; 2 ; 0 ; 0 ; 0 ; 4 ; 0 ; 0 ; 0 ; 0 ; 0 ; 0 ; 0 ; 0 ; 7 ; 0 ; 1 ; 2 ; 0 ; 0 ; 0 ; 4 ; 0 ; 0 ; 0 ; 0 ; 0 ; 0 ; 0 ; 0 ; 7 ; 0 ; 1 ; 2 ; 0 ; 0 ; 0 ; 4 ; 0 ; 0 ; 0 ; 0 ; 0 ; 0 ; 0 ; 0 ; 3 ; 3 ; 2 ; 12 ; 10.0 ; 2.0 ; 4.0 ; 1.5 ; 3.0 ; 1.5 ; 1 ; [[3, 4, 3, 2, 2, 4], [1, 1], [4, 1, 3, 4, 2]]
1 ; 0.2653061224489796 ; 0.826530612244898 ; 0.0 ; 0.0 ; 1.0 ; 1.0 ; 9 ; 74 ; 0.1836734693877551 ; 0.9489795918367347 ; 0.8064516129032258 ; 0.9183673469387755 ; 1.0 ; 1.0 ; 13 ; 53 ; 0.3469387755102041 ; 0.9081632653061225 ; 0.8620689655172413 ; 0.9387755102040817 ; EXT ; NC ; 8 ; 0.75 ; 100 ; 100 ; 98 ; 0.98 ; 0 ; 0.22448979591836735 ; 1 ; 2 ; 0 ; 0 ; 8 ; 1 ; 1 ; 2 ; 0 ; 0 ; 0 ; 4 ; 0 ; 0 ; 0 ; 0 ; 0 ; 0 ; 0 ; 0 ; 8 ; 1 ; 1 ; 2 ; 0 ; 0 ; 0 ; 4 ; 0 ; 0 ; 0 ; 0 ; 0 ; 0 ; 0 ; 0 ; 7 ; 0 ; 1 ; 2 ; 0 ; 0 ; 0 ; 4 ; 7 ; 0 ; 0 ; 0 ; 0 ; 0 ; 7 ; 0 ; 3 ; 4 ; 4 ; 12 ; 10.0 ; 2.0 ; 4.0 ; 1.5 ; 3.0 ; 1.5 ; 3 ; [[1, 3, 1, 3], [1, 3, 2, 6, 1], [4, 3, 3]]
1 ; 0.25510204081632654 ; 0.8469387755102041 ; 0.0 ; 0.0 ; 1.0 ; 1.0 ; 5 ; 21 ; 0.22448979591836735 ; 0.9897959183673469 ; 0.7959183673469388 ; 0.9285714285714286 ; 1.0 ; 1.0 ; 0 ; 23 ; 0.2857142857142857 ; 0.8979591836734694 ; 0.9074074074074074 ; 0.9285714285714286 ; EXT ; NC ; 8 ; 0.75 ; 100 ; 100 ; 98 ; 0.98 ; 0 ; 0.05102040816326531 ; 1 ; 2 ; 0 ; 0 ; 8 ; 1 ; 1 ; 2 ; 0 ; 0 ; 0 ; 4 ; 0 ; 0 ; 0 ; 0 ; 0 ; 0 ; 0 ; 0 ; 7 ; 0 ; 1 ; 2 ; 0 ; 0 ; 0 ; 4 ; 0 ; 0 ; 0 ; 0 ; 0 ; 0 ; 0 ; 0 ; 7 ; 0 ; 1 ; 2 ; 0 ; 0 ; 0 ; 4 ; 0 ; 0 ; 0 ; 0 ; 0 ; 0 ; 0 ; 0 ; 3 ; 4 ; 3 ; 12 ; 10.0 ; 2.0 ; 4.0 ; 1.5 ; 3.0 ; 1.5 ; 2 ; [[3, 3, 2, 4], [1, 3], [1, 3, 4, 4, 2]]
1 ; 0.35714285714285715 ; 0.42857142857142855 ; 0.0 ; 0.0 ; 1.0 ; 1.0 ; 3 ; 13 ; 0.3877551020408163 ; 0.9693877551020408 ; 0.37037037037037035 ; 0.4489795918367347 ; 1.0 ; 1.0 ; 5 ; 19 ; 0.32653061224489793 ; 0.9591836734693877 ; 0.4807692307692308 ; 0.4489795918367347 ; EXT ; NC ; 8 ; 0.75 ; 100 ; 100 ; 98 ; 0.98 ; 0 ; 0.08163265306122448 ; 1 ; 2 ; 0 ; 0 ; 9 ; 2 ; 2 ; 1 ; 0 ; 0 ; 0 ; 4 ; 0 ; 0 ; 0 ; 0 ; 0 ; 0 ; 0 ; 0 ; 8 ; 1 ; 1 ; 2 ; 0 ; 0 ; 0 ; 4 ; 2 ; 0 ; 0 ; 0 ; 0 ; 0 ; 2 ; 0 ; 8 ; 1 ; 1 ; 2 ; 0 ; 0 ; 0 ; 4 ; 0 ; 0 ; 0 ; 0 ; 0 ; 0 ; 0 ; 0 ; 3 ; 4 ; 2 ; 12 ; 10.0 ; 2.0 ; 4.0 ; 1.5 ; 3.0 ; 1.5 ; 3 ; [[2, 3, 3, 2, 3], [1, 2, 3, 2, 3], [4, 2, 4]]
1 ; 0.35714285714285715 ; 0.7448979591836735 ; 0.0 ; 0.0 ; 1.0 ; 1.0 ; 1 ; 25 ; 0.3877551020408163 ; 0.9183673469387755 ; 0.8076923076923077 ; 0.7448979591836735 ; 1.0 ; 0.9696969696969697 ; 3 ; 29 ; 0.32653061224489793 ; 0.9387755102040817 ; 0.7 ; 0.7448979591836735 ; EXT ; NC ; 8 ; 0.75 ; 100 ; 100 ; 98 ; 0.98 ; 0 ; 0.04081632653061224 ; 1 ; 2 ; 0 ; 0 ; 8 ; 1 ; 2 ; 1 ; 0 ; 0 ; 0 ; 4 ; 0 ; 0 ; 0 ; 0 ; 0 ; 0 ; 0 ; 0 ; 8 ; 0 ; 1 ; 1 ; 0 ; 0 ; 2 ; 4 ; 0 ; 0 ; 0 ; 0 ; 0 ; 0 ; 0 ; 0 ; 8 ; 1 ; 2 ; 1 ; 0 ; 0 ; 0 ; 4 ; 0 ; 0 ; 0 ; 0 ; 0 ; 0 ; 0 ; 0 ; 3 ; 5 ; 2 ; 12 ; 10.0 ; 2.0 ; 4.0 ; 1.5 ; 3.0 ; 1.5 ; 2 ; [[5], [3, 1, 1, 3, 2, 3, 1], [2, 2]]
1 ; 0.25510204081632654 ; 0.7857142857142857 ; 0.0 ; 0.0 ; 1.0 ; 1.0 ; 7 ; 46 ; 0.1836734693877551 ; 0.9489795918367347 ; 0.75 ; 0.8877551020408163 ; 1.0 ; 1.0 ; 7 ; 85 ; 0.32653061224489793 ; 0.9081632653061225 ; 0.8035714285714286 ; 0.9387755102040817 ; EXT ; NC ; 8 ; 0.75 ; 100 ; 100 ; 98 ; 0.98 ; 0 ; 0.14285714285714285 ; 1 ; 2 ; 0 ; 0 ; 9 ; 2 ; 1 ; 2 ; 0 ; 0 ; 0 ; 4 ; 0 ; 0 ; 0 ; 0 ; 0 ; 0 ; 0 ; 0 ; 8 ; 1 ; 1 ; 2 ; 0 ; 0 ; 0 ; 4 ; 0 ; 0 ; 0 ; 0 ; 0 ; 0 ; 0 ; 0 ; 7 ; 0 ; 1 ; 2 ; 0 ; 0 ; 0 ; 4 ; 0 ; 0 ; 0 ; 0 ; 0 ; 0 ; 0 ; 0 ; 3 ; 4 ; 3 ; 12 ; 10.0 ; 2.0 ; 4.0 ; 1.5 ; 3.0 ; 1.5 ; 19 ; [[2, 4, 5, 2, 2, 2, 3], [4, 4, 2, 3, 4, 3], [4, 4, 3, 4, 1, 6]]
1 ; 0.35714285714285715 ; 0.5714285714285714 ; 0.0 ; 0.0 ; 1.0 ; 1.0 ; 1 ; 13 ; 0.3877551020408163 ; 0.9897959183673469 ; 0.5098039215686274 ; 0.5714285714285714 ; 1.0 ; 1.0 ; 2 ; 15 ; 0.32653061224489793 ; 0.9489795918367347 ; 0.66 ; 0.5714285714285714 ; EXT ; NC ; 8 ; 0.75 ; 100 ; 100 ; 98 ; 0.98 ; 0 ; 0.030612244897959183 ; 1 ; 2 ; 0 ; 0 ; 8 ; 1 ; 1 ; 2 ; 0 ; 0 ; 0 ; 4 ; 0 ; 0 ; 0 ; 0 ; 0 ; 0 ; 0 ; 0 ; 7 ; 0 ; 1 ; 2 ; 0 ; 0 ; 0 ; 4 ; 0 ; 0 ; 0 ; 0 ; 0 ; 0 ; 0 ; 0 ; 7 ; 0 ; 1 ; 2 ; 0 ; 0 ; 0 ; 4 ; 0 ; 0 ; 0 ; 0 ; 0 ; 0 ; 0 ; 0 ; 3 ; 3 ; 2 ; 12 ; 10.0 ; 2.0 ; 4.0 ; 1.5 ; 3.0 ; 1.5 ; 0 ; [[3, 3, 2, 4, 5], [5, 3], [4, 2, 4]]
1 ; 0.2755102040816326 ; 0.5408163265306123 ; 0.0 ; 0.0 ; 1.0 ; 1.0 ; 0 ; 17 ; 0.2857142857142857 ; 0.8673469387755102 ; 0.5102040816326531 ; 0.5510204081632653 ; 1.0 ; 1.0 ; 0 ; 14 ; 0.2653061224489796 ; 0.8775510204081632 ; 0.5714285714285714 ; 0.5510204081632653 ; EXT ; NC ; 8 ; 0.75 ; 100 ; 100 ; 98 ; 0.98 ; 0 ; 0.0 ; 1 ; 2 ; 0 ; 0 ; 7 ; 0 ; 1 ; 2 ; 0 ; 0 ; 0 ; 4 ; 0 ; 0 ; 0 ; 0 ; 0 ; 0 ; 0 ; 0 ; 7 ; 0 ; 1 ; 2 ; 0 ; 0 ; 0 ; 4 ; 0 ; 0 ; 0 ; 0 ; 0 ; 0 ; 0 ; 0 ; 7 ; 0 ; 1 ; 2 ; 0 ; 0 ; 0 ; 4 ; 0 ; 0 ; 0 ; 0 ; 0 ; 0 ; 0 ; 0 ; 3 ; 5 ; 2 ; 12 ; 10.0 ; 2.0 ; 4.0 ; 1.5 ; 3.0 ; 1.5 ; 4 ; [[2, 1, 2, 2], [2, 3, 1], [1, 3, 4, 5, 3]]
1 ; 0.29591836734693877 ; 0.5510204081632653 ; 0.0 ; 0.0 ; 1.0 ; 1.0 ; 0 ; 26 ; 0.24489795918367346 ; 0.8877551020408163 ; 0.6274509803921569 ; 0.5510204081632653 ; 1.0 ; 1.0 ; 2 ; 21 ; 0.3469387755102041 ; 0.8979591836734694 ; 0.46938775510204084 ; 0.5510204081632653 ; EXT ; NC ; 8 ; 0.75 ; 100 ; 100 ; 98 ; 0.98 ; 0 ; 0.02040816326530612 ; 1 ; 2 ; 0 ; 0 ; 7 ; 0 ; 1 ; 2 ; 0 ; 0 ; 0 ; 4 ; 0 ; 0 ; 0 ; 0 ; 0 ; 0 ; 0 ; 0 ; 7 ; 0 ; 1 ; 2 ; 0 ; 0 ; 0 ; 4 ; 0 ; 0 ; 0 ; 0 ; 0 ; 0 ; 0 ; 0 ; 8 ; 0 ; 1 ; 1 ; 0 ; 0 ; 2 ; 4 ; 3 ; 0 ; 0 ; 0 ; 0 ; 0 ; 3 ; 0 ; 3 ; 4 ; 2 ; 12 ; 10.0 ; 2.0 ; 4.0 ; 1.5 ; 3.0 ; 1.5 ; 3 ; [[1, 3, 2, 3, 2, 3, 3], [5, 3, 3, 3], [3, 1, 2, 3]]
1 ; 0.336734693877551 ; 0.8673469387755102 ; 0.0 ; 0.0 ; 1.0 ; 1.0 ; 2 ; 23 ; 0.3673469387755102 ; 0.9795918367346939 ; 0.8163265306122449 ; 0.9693877551020408 ; 1.0 ; 1.0 ; 0 ; 28 ; 0.30612244897959184 ; 0.9387755102040817 ; 0.9215686274509803 ; 0.9693877551020408 ; EXT ; NC ; 8 ; 0.75 ; 100 ; 100 ; 98 ; 0.98 ; 0 ; 0.02040816326530612 ; 1 ; 2 ; 0 ; 0 ; 8 ; 1 ; 1 ; 2 ; 0 ; 0 ; 0 ; 4 ; 0 ; 0 ; 0 ; 0 ; 0 ; 0 ; 0 ; 0 ; 7 ; 0 ; 1 ; 2 ; 0 ; 0 ; 0 ; 4 ; 2 ; 0 ; 0 ; 0 ; 0 ; 0 ; 2 ; 0 ; 8 ; 1 ; 1 ; 2 ; 0 ; 0 ; 0 ; 4 ; 0 ; 0 ; 0 ; 0 ; 0 ; 0 ; 0 ; 0 ; 3 ; 4 ; 3 ; 12 ; 10.0 ; 2.0 ; 4.0 ; 1.5 ; 3.0 ; 1.5 ; 2 ; [[2, 2, 4, 4], [3, 3, 2, 1, 4, 3, 5], [1, 2]]
1 ; 0.3877551020408163 ; 0.7346938775510204 ; 0.0 ; 0.0 ; 1.0 ; 1.0 ; 2 ; 43 ; 0.40816326530612246 ; 0.9285714285714286 ; 0.7547169811320755 ; 0.8775510204081632 ; 1.0 ; 1.0 ; 4 ; 48 ; 0.3673469387755102 ; 0.9387755102040817 ; 0.6666666666666666 ; 0.8775510204081632 ; EXT ; NC ; 8 ; 0.75 ; 100 ; 100 ; 98 ; 0.98 ; 0 ; 0.061224489795918366 ; 1 ; 2 ; 0 ; 0 ; 7 ; 0 ; 1 ; 2 ; 0 ; 0 ; 0 ; 4 ; 0 ; 0 ; 0 ; 0 ; 0 ; 0 ; 0 ; 0 ; 7 ; 0 ; 1 ; 2 ; 0 ; 0 ; 0 ; 4 ; 0 ; 0 ; 0 ; 0 ; 0 ; 0 ; 0 ; 0 ; 7 ; 0 ; 1 ; 2 ; 0 ; 0 ; 0 ; 4 ; 0 ; 0 ; 0 ; 0 ; 0 ; 0 ; 0 ; 0 ; 3 ; 3 ; 3 ; 12 ; 10.0 ; 2.0 ; 4.0 ; 1.5 ; 3.0 ; 1.5 ; 3 ; [[1, 4, 4], [2, 1, 5, 5, 3], [2, 1, 3, 3, 5]]
1 ; 0.336734693877551 ; 0.5612244897959183 ; 0.0 ; 0.0 ; 1.0 ; 1.0 ; 2 ; 23 ; 0.32653061224489793 ; 0.9693877551020408 ; 0.6122448979591837 ; 0.5816326530612245 ; 1.0 ; 1.0 ; 0 ; 27 ; 0.3469387755102041 ; 0.9897959183673469 ; 0.5294117647058824 ; 0.5816326530612245 ; EXT ; NC ; 8 ; 0.75 ; 100 ; 100 ; 98 ; 0.98 ; 0 ; 0.02040816326530612 ; 1 ; 2 ; 0 ; 0 ; 8 ; 1 ; 1 ; 2 ; 0 ; 0 ; 0 ; 4 ; 0 ; 0 ; 0 ; 0 ; 0 ; 0 ; 0 ; 0 ; 7 ; 0 ; 1 ; 2 ; 0 ; 0 ; 0 ; 4 ; 0 ; 0 ; 0 ; 0 ; 0 ; 0 ; 0 ; 0 ; 8 ; 1 ; 1 ; 2 ; 0 ; 0 ; 0 ; 4 ; 0 ; 0 ; 0 ; 0 ; 0 ; 0 ; 0 ; 0 ; 3 ; 4 ; 2 ; 12 ; 10.0 ; 2.0 ; 4.0 ; 1.5 ; 3.0 ; 1.5 ; 8 ; [[4, 4, 3], [5, 3, 6, 3, 5, 6, 5], [5]]
